Subfolder,DealNumber,Dealer,AuctionSig,NorthHand,SouthHand,EastHand,WestHand,attempts
2Club,1,S,2C Pass 2D Pass 2NT Pass 3NT Pass Pass Pass,S:Q65 H:864 D:KQ86 C:T87,S:AK82 H:AK3 D:A4 C:KQ94,S:T7 H:J92 D:T75 C:J6532,S:J943 H:QT75 D:J932 C:A,2
2Club,10,N,2C Pass 2NT Pass 3NT Pass 6NT Pass Pass Pass,S:AK8 H:KQT D:KQJ2 C:AT4,S:JT7 H:A96 D:T95 C:KQJ3,S:5432 H:832 D:A4 C:9762,S:Q96 H:J754 D:8763 C:85,2
2Club,11,N,2C Pass 2D Pass 2S Pass 3C Pass 3H Pass 3S Pass Pass Pass,S:AQT64 H:AQ85 D:Q7 C:AK,S:9875 H:64 D:863 C:J752,S:KJ H:T932 D:JT54 C:843,S:32 H:KJ7 D:AK92 C:QT96,2
2Club,12,N,2C Pass 2D Pass 3C Pass 3D Pass 3NT Pass Pass Pass,S:A5 H:A6 D:K7 C:AKQJT63,S:763 H:852 D:9543 C:872,S:Q82 H:QJT93 D:JT86 C:5,S:KJT94 H:K74 D:AQ2 C:94,1
2Club,13,S,2C Pass 2H Pass 3H Pass 4H Pass 4NT Pass 5D Pass 6H Pass Pass Pass,S:Q93 H:A97653 D:72 C:84,S:AK H:KT84 D:KQ9 C:AKQ5,S:JT64 H:J D:AJ3 C:JT972,S:8752 H:Q2 D:T8654 C:63,1
2Club,14,N,2C Pass 2S Pass 3S Pass 4S Pass Pass Pass,S:K53 H:Q95 D:AKQ6 C:AKQ,S:AQJT7 H:86 D:943 C:652,S:84 H:KJT42 D:875 C:943,S:962 H:A73 D:JT2 C:JT87,2
2Club,15,S,2C Pass 2NT Pass 3NT Pass 6NT Pass Pass Pass,S:KQ9 H:864 D:AQT6 C:J54,S:A82 H:AK3 D:KJ7 C:AKT6,S:T53 H:Q952 D:9832 C:Q3,S:J764 H:JT7 D:54 C:9872,1
2Club,16,N,2C Pass 2NT Pass 3NT Pass 7NT Pass Pass Pass,S:AK3 H:KQT D:AJ2 C:KQJT,S:QJT7 H:A96 D:KQ5 C:A83,S:42 H:852 D:T87643 C:92,S:9865 H:J743 D:9 C:7654,1
2Club,17,N,2C Pass 2D Pass 2H Pass 3H Pass 4C Pass 4D Pass 6H,S:AK H:AKT86 D:75 C:AKQ6,S:86 H:Q752 D:A9864 C:53,S:QJT7 H:93 D:KQ2 C:T984,S:95432 H:J4 D:JT3 C:J72,31
2Club,18,N,2C Pass 2D Pass 2H Pass 2S Pass 2NT Pass 3S Pass 4S,S:AJ H:AKT86 D:Q94 C:AKQ,S:KQ9865 H:7 D:85 C:9532,S:T43 H:J4 D:J7632 C:764,S:72 H:Q9532 D:AKT C:JT8,3
2Club,19,S,2C Pass 2S Pass 4NT Pass 5H Pass 7NT Pass Pass Pass,S:AJT75 H:8 D:A3 C:97642,S:KQ63 H:AK D:KQ9 C:AKQ5,S:984 H:QJ9764 D:JT2 C:8,S:2 H:T532 D:87654 C:JT3,1
2Club,2,N,2C Pass 2D Pass 2NT Pass Pass Pass,S:KQ5 H:AK6 D:AK92 C:AT8,S:T872 H:Q53 D:864 C:974,S:J96 H:J872 D:QJ5 C:K52,S:A43 H:T94 D:T73 C:QJ63,2
2Club,20,N,2C Pass 2D Pass 2S Pass 3H Pass 3NT Pass Pass Pass,S:AKQ75 H:A6 D:AQ7 C:KQ3,S:63 H:KQJT2 D:T96 C:984,S:84 H:975 D:854 C:AJ752,S:JT92 H:843 D:KJ32 C:T6,1
2Club,3,S,2C Pass 2D Pass 3NT Pass Pass Pass,S:Q65 H:864 D:Q986 C:T87,S:AK82 H:AK3 D:AK C:KQ94,S:T943 H:Q972 D:T432 C:A,S:J7 H:JT5 D:J75 C:J6532,1
2Club,4,N,2C Pass 2D Pass 2NT Pass 3NT Pass Pass Pass,S:KQ5 H:AK6 D:AK92 C:AT8,S:JT82 H:Q53 D:864 C:J94,S:97643 H:972 D:J3 C:732,S:A H:JT84 D:QT75 C:KQ65,1
2Club,5,S,2C Pass 2D Pass 2H Pass 2NT Pass 4H Pass Pass Pass,S:K873 H:92 D:J8742 C:T3,S: H:AKQJ8643 D:A5 C:QJ4,S:AJT92 H:T7 D:Q3 C:K972,S:Q654 H:5 D:KT96 C:A865,400
2Club,6,N,2C Pass 2D Pass 2H Pass 3D Pass 3NT Pass Pass Pass,S:AK4 H:AQT863 D:Q C:KQT,S:875 H:K D:KJT942 C:752,S:JT62 H:J97 D:87 C:9843,S:Q93 H:542 D:A653 C:AJ6,3
2Club,7,S,2C Pass 2D Pass 2S Pass 4S Pass Pass Pass,S:K65 H:T864 D:92 C:T873,S:AQJ83 H:3 D:KQ7 C:AKQ9,S:T2 H:QJ52 D:AJT5 C:J42,S:974 H:AK97 D:8643 C:65,3
2Club,8,N,2C Pass 2D Pass 2NT Pass 3C Pass 3H Pass 4H Pass Pass Pass,S:AQ H:AK75 D:Q84 C:AKJT,S:K875 H:QJT3 D:T5 C:973,S:T943 H:964 D:K62 C:Q86,S:J62 H:82 D:AJ973 C:542,1
2Club,9,S,2C Pass 2D Pass 2H Pass 2NT Pass 3NT Pass Pass Pass,S:J943 H:96 D:9863 C:A82,S:AK H:KQJT4 D:AJT C:KJ9,S:T85 H:32 D:Q2 C:QT7653,S:Q762 H:A875 D:K754 C:4,1
2over1,1,N,1H Pass 2D Pass 2NT Pass 3NT Pass Pass Pass,S:QT5 H:KQJT5 D:74 C:AQ6,S:J84 H:A2 D:KT963 C:KJ4,S:K963 H:86 D:852 C:9752,S:A72 H:9743 D:AQJ C:T83,2
2over1,10,S,1S Pass 2H Pass 3H Pass 3S Pass 4C Pass 4NT Pass 5H Pass 6H,S:A4 H:KJT8653 D:KQ C:87,S:KJ763 H:AQ7 D:84 C:AQJ,S:T982 H:9 D:J975 C:K542,S:Q5 H:42 D:AT632 C:T963,2
2over1,11,W,Pass 1H Pass 2C Pass 2NT Pass 3NT Pass 4NT Pass 6NT Pass Pass Pass,S:AJT H:AK985 D:K96 C:Q7,S:863 H:73 D:AQ4 C:AKJT4,S:KQ2 H:QJ42 D:T853 C:92,S:9754 H:T6 D:J72 C:8653,1
2over1,12,W,Pass 1S Pass 2D Pass 2S Pass 4S Pass Pass Pass,S:AJ8752 H:AK D:Q6 C:J87,S:Q63 H:Q3 D:AKJ94 C:964,S:94 H:JT54 D:853 C:QT53,S:KT H:98762 D:T72 C:AK2,5
2over1,13,W,Pass 1S Pass 2H Pass 3H Pass 4NT Pass 5H Pass 5NT Pass 6C Pass 6H Pass Pass Pass,S:AJT62 H:A62 D:QJ C:T87,S:K5 H:KQ98543 D:A4 C:A4,S:Q98 H:T7 D:K8652 C:Q93,S:743 H:J D:T973 C:KJ652,1
2over1,14,S,1H Pass 2D Pass 2H Pass 4H Pass Pass Pass,S:QJ2 H:KT D:KQ865 C:Q87,S:A H:AQJ753 D:742 C:KJ4,S:K9653 H:984 D:A93 C:53,S:T874 H:62 D:JT C:AT962,3
2over1,15,N,1S Pass 1NT Pass 2C Pass 2H Pass Pass Pass,S:AQ862 H:T4 D:K65 C:K87,S:J H:KQJ753 D:432 C:Q54,S:K97543 H:A6 D:Q97 C:J6,S:T H:982 D:AJT8 C:AT932,16
2over1,16,N,1S Pass 1NT Pass 2C Pass 2NT Pass 3NT Pass Pass Pass,S:AQ862 H:A4 D:95 C:AK87,S:K H:K753 D:AT32 C:J954,S:T93 H:QT62 D:QJ74 C:T2,S:J754 H:J98 D:K86 C:Q63,4
2over1,17,N,1H Pass 1NT Pass 2H Pass Pass Pass,S:862 H:AQJ753 D:95 C:A2,S:K95 H:T6 D:KT32 C:JT54,S:JT43 H:92 D:AJ87 C:Q87,S:AQ7 H:K84 D:Q64 C:K963,5
2over1,18,S,1S Pass 2D Pass 3D Pass 4S Pass Pass Pass,S:KJ2 H:874 D:AQ975 C:Q2,S:AQT95 H:T96 D:KT86 C:A,S:864 H:A532 D:42 C:J975,S:73 H:KQJ D:J3 C:KT8643,2
2over1,2,N,1H Pass 2D Pass 2H Pass 3H Pass 4H Pass Pass Pass,S:65 H:KQJ843 D:A5 C:Q63,S:KJ8 H:A2 D:KT963 C:KJ4,S:932 H:T76 D:Q872 C:T75,S:AQT74 H:95 D:J4 C:A982,4
2over1,20,S,1S Pass 2D Pass 2S Pass 3S Pass 4C Pass 4S,S:QJ2 H:J2 D:QJ862 C:AKJ,S:AK98764 H:KQ7 D:K73 C:,S:5 H:AT653 D:T54 C:T954,S:T3 H:984 D:A9 C:Q87632,400
2over1,21,N,1S Pass 2D Pass 2H Pass 2NT Pass 3NT Pass Pass Pass,S:AJT82 H:AK82 D:Q2 C:T5,S:74 H:Q73 D:AKJ73 C:KJ9,S:Q96 H:J964 D:T9 C:8642,S:K53 H:T5 D:8654 C:AQ73,1
2over1,22,N,1S Pass 2D Pass 2H Pass 3C Pass 3NT Pass Pass Pass,S:AJT82 H:AT82 D:Q2 C:K5,S:74 H:KQ3 D:AKJ73 C:T97,S:65 H:965 D:654 C:QJ842,S:KQ93 H:J74 D:T98 C:A63,1
2over1,23,N,Pass Pass 1S Pass 2D Pass 2H Pass 2S Pass Pass Pass,S:T82 H:A2 D:A8542 C:Q85,S:AK974 H:KQ63 D:73 C:T7,S:QJ H:JT874 D:JT6 C:KJ2,S:653 H:95 D:KQ9 C:A9643,6
2over1,24,N,1S Pass 1NT Pass 2C Pass 2S Pass Pass Pass,S:KQT62 H:A74 D:84 C:A85,S:74 H:9863 D:A762 C:KQ3,S:85 H:52 D:KQT953 C:642,S:AJ93 H:KQJT D:J C:JT97,3
2over1,25,S,1S Pass 2H Pass 3H Pass 4C Pass 4D Pass 4NT Pass 5H Pass 5NT Pass 6D Pass 6H,S:Q6 H:AKQ972 D:984 C:AQ,S:AK874 H:J86 D:AJ6 C:93,S:JT9 H:T4 D:Q52 C:JT864,S:532 H:53 D:KT73 C:K752,16
2over1,26,N,1S Pass 1NT Pass 2S Pass 3S Pass 4S Pass Pass Pass,S:QJ8763 H:AK8 D:8 C:K75,S:A4 H:QJ6 D:7642 C:A963,S:K95 H:T97542 D:A3 C:Q2,S:T2 H:3 D:KQJT95 C:JT84,2
2over1,27,N,1S Pass 2C Pass 2H Pass 2NT Pass 3S Pass 4S Pass Pass Pass,S:QJ9842 H:AJ95 D:83 C:K,S:T7 H:QT3 D:AJ6 C:AQ642,S:K3 H:742 D:T9754 C:983,S:A65 H:K86 D:KQ2 C:JT75,1
2over1,28,S,1S Pass 1NT Pass 2C Pass 3S Pass Pass Pass,S:AJ8 H:Q652 D:873 C:A74,S:KQ753 H:87 D:KQ6 C:Q95,S:T96 H:AT3 D:AJ42 C:KJ2,S:42 H:KJ94 D:T95 C:T863,1
2over1,3,N,1H Pass 2D Pass 2H Pass 3H Pass 4C Pass 4D Pass 4NT Pass 5H Pass 6H Pass Pass Pass,S:K5 H:KQJ743 D:75 C:AK4,S:Q6 H:A82 D:AKQ63 C:763,S:AJT87 H:5 D:T94 C:JT82,S:9432 H:T96 D:J82 C:Q95,2
2over1,5,N,1S Pass 2C Pass 2H Pass 2NT Pass 3H Pass 4H Pass Pass Pass,S:KJ965 H:AK843 D:75 C:4,S:Q4 H:QT7 D:AJ6 C:AT986,S:A83 H:J965 D:93 C:KQ52,S:T72 H:2 D:KQT842 C:J73,1
2over1,6,E,Pass 1S Pass 2H Pass 3H Pass 4H Pass Pass Pass,S:65 H:AQ953 D:KQ63 C:Q9,S:AJT74 H:KT7 D:A95 C:72,S:983 H:82 D:T82 C:AKJT8,S:KQ2 H:J64 D:J74 C:6543,2
2over1,7,N,1S Pass 2C Pass 2H Pass 3H Pass 4H Pass Pass Pass,S:AK9652 H:T983 D:4 C:A8,S:7 H:AK75 D:K762 C:KQT6,S:JT8 H:J4 D:AT9853 C:74,S:Q43 H:Q62 D:QJ C:J9532,1
2over1,8,N,1H Pass 2D Pass 2S Pass 2NT Pass 3NT Pass Pass Pass,S:AK92 H:AQ983 D:85 C:86,S:875 H:K4 D:AQJT7 C:K97,S:J64 H:75 D:63 C:AQT432,S:QT3 H:JT62 D:K942 C:J5,1
2over1,9,N,1S Pass 2C Pass 2H Pass 3D Pass 3NT Pass Pass Pass,S:A9742 H:A983 D:K6 C:Q7,S:K8 H:JT7 D:975 C:AKJ62,S:T53 H:Q54 D:AQ42 C:T43,S:QJ6 H:K62 D:JT83 C:985,6
Blackwood,1,N,1H Pass 3H Pass 4NT Pass 5D Pass 5H Pass Pass Pass,S:9 H:QJT75 D:AKQ3 C:KQ4,S:AK H:K942 D:JT85 C:863,S:QT873 H:83 D:42 C:JT97,S:J6542 H:A6 D:976 C:A52,1
Blackwood,10,N,2C Pass 2NT Pass 4C Pass 4S Pass 6NT Pass Pass Pass,S:KQ4 H:KQJ3 D:KQJ5 C:AK,S:AT7 H:952 D:AT86 C:Q63,S:9853 H:A764 D:93 C:987,S:J62 H:T8 D:742 C:JT542,1
Blackwood,11,N,2C Pass 2S Pass 2NT Pass 4C Pass 4D Pass 7NT Pass Pass Pass,S:AT H:AK76 D:A85 C:AKJ5,S:KQJ8643 H:3 D:KQJ4 C:7,S:97 H:QT8 D:762 C:Q9864,S:52 H:J9542 D:T93 C:T32,1
Blackwood,12,N,1C Pass 1S Pass 4S Pass 4NT Pass 5D Pass 6S Pass Pass Pass,S:AQJ2 H:KQJ D:J6 C:KQJ8,S:KT983 H:2 D:AKT4 C:A73,S:54 H:8653 D:Q832 C:T92,S:76 H:AT974 D:975 C:654,7
Blackwood,13,S,1S Pass 3S Pass 4C Pass 4H Pass 4S Pass Pass Pass,S:QT92 H:AJ43 D:Q7 C:QT6,S:AKJ83 H:KQ76 D:98 C:AK,S:4 H:T9 D:AK6532 C:J975,S:765 H:852 D:JT4 C:8432,4
Blackwood,14,E,Pass 1NT Pass 4NT Pass 6NT Pass Pass Pass,S:Q85 H:AK4 D:KJT C:KT43,S:AK43 H:QJ86 D:A9 C:QJ6,S:J976 H:53 D:Q8765 C:82,S:T2 H:T972 D:432 C:A975,4
Blackwood,15,N,1H Pass 4NT Pass 5H Pass 6H Pass Pass Pass,S:964 H:AJ953 D:AQJ3 C:7,S:KQJ83 H:K8764 D:7 C:AK,S:T72 H:T D:T9854 C:8642,S:A5 H:Q2 D:K62 C:QJT953,400
Blackwood,16,N,1D Pass 1S Pass 3S Pass 4NT Pass 5H Pass 6S Pass Pass Pass,S:KQ72 H:Q4 D:AQ84 C:A52,S:AT643 H:K8 D:KJ5 C:KJ6,S:J8 H:AT96 D:962 C:QT43,S:95 H:J7532 D:T73 C:987,1
Blackwood,17,N,1NT Pass 3D Pass 4D Pass 4NT Pass 5H Pass 6D Pass Pass Pass,S:KQJ H:AJ4 D:AT53 C:JT8,S:A53 H:KQ5 D:KQJ874 C:9,S:9864 H:T73 D:62 C:KQ42,S:T72 H:9862 D:9 C:A7653,400
Blackwood,18,S,3S Pass 4NT Pass 6C Pass 7S Pass Pass Pass,S:KT742 H:AK D:A C:KJ863,S:AQJ9853 H:964 D:873 C:,S: H:JT75 D:Q96 C:AQT975,S:6 H:Q832 D:KJT542 C:42,400
Blackwood,19,N,2NT Pass 4C Pass 4H Pass Pass Pass,S:KQJ H:J97 D:KQJ C:AQJ7,S:A7 H:KQT86543 D:4 C:K6,S:T6532 H:A D:8532 C:T92,S:984 H:2 D:AT976 C:8543,400
Blackwood,2,E,Pass 1NT Pass 4C Pass 4S Pass 6NT Pass Pass Pass,S:K95 H:A7 D:KQ3 C:KQJ64,S:QJ8 H:KQ2 D:AT986 C:A9,S:AT73 H:654 D:J75 C:T53,S:642 H:JT983 D:42 C:872,1
Blackwood,20,N,1H Pass 4C Pass 4NT Pass 5NT Pass 7H Pass Pass Pass,S:KJ H:AK7532 D:K6 C:873,S:A843 H:QJ986 D:A984 C:,S:T972 H:T D:QT3 C:AQJ96,S:Q65 H:4 D:J752 C:KT542,400
Blackwood,3,N,1NT Pass 4C Pass 4H Pass 4NT Pass Pass Pass,S:AQJ H:QJT5 D:975 C:KQJ,S:K8 H:K2 D:KQJT843 C:A3,S:T9753 H:A943 D:2 C:876,S:642 H:876 D:A6 C:T9542,1
Blackwood,4,E,Pass 2NT Pass 4C Pass 4S Pass 6NT Pass Pass Pass,S:KQ7 H:A65 D:QT83 C:KJ4,S:A98 H:KQJT D:KJ6 C:AQ3,S:T53 H:9 D:542 C:T87652,S:J642 H:87432 D:A97 C:9,7
Blackwood,5,N,2H Pass 4NT Pass 5H Pass 6H Pass Pass Pass,S:84 H:AJT863 D:63 C:A75,S:AK H:K942 D:KQJT54 C:8,S:T62 H:75 D:987 C:KT963,S:QJ9753 H:Q D:A2 C:QJ42,400
Blackwood,6,N,1C Pass 1H Pass 4H Pass 4NT Pass 5H Pass 6H Pass Pass Pass,S:K5 H:A985 D:AQ C:KQJ54,S:A986 H:KQJT D:KT86 C:3,S:QT43 H:632 D:75 C:AT87,S:J72 H:74 D:J9432 C:962,1
Blackwood,7,S,1D Pass 2NT Pass 4C Pass 4S Pass 6NT Pass Pass Pass,S:QT6 H:AQ5 D:T87 C:AQ52,S:AK H:KT D:KQJ94 C:KT83,S:9853 H:9864 D:62 C:974,S:J742 H:J732 D:A53 C:J6,6
Blackwood,8,S,1S Pass 3H Pass 3S Pass 4NT Pass 5H Pass 5NT Pass 6C Pass 6NT,S:T92 H:AKQT5 D:AK C:KQJ,S:AQJ873 H:6 D:T86 C:A63,S:5 H:J8742 D:Q942 C:954,S:K64 H:93 D:J753 C:T872,2
Blackwood,9,N,2H Pass 4NT Pass 6D Pass 6H Pass Pass Pass,S:642 H:AQ9742 D: C:8542,S:AK H:K853 D:KQJ4 C:A93,S:Q9 H:JT D:T9765 C:QJT7,S:JT8753 H:6 D:A832 C:K6,400
Drury,1,S,Pass Pass 1H Pass 2C Pass 2H Pass Pass Pass,S:K43 H:AQJ54 D:63 C:T95,S:A5 H:KT83 D:K752 C:843,S:9872 H:76 D:AQT4 C:AJ6,S:QJT6 H:92 D:J98 C:KQ72,9
Drury,2,N,Pass Pass 1S Pass 2C Pass 2S Pass Pass Pass,S:Q874 H:A53 D:KQ3 C:T82,S:AKJ95 H:Q94 D:76 C:965,S:63 H:T762 D:AT8 C:KQ74,S:T2 H:KJ8 D:J9542 C:AJ3,4
Drury,3,S,Pass Pass 1S Pass 2C Pass 2D Pass 4S Pass Pass Pass,S:AK952 H:K83 D:QJ C:752,S:QJT7 H:A4 D:KT953 C:94,S:64 H:T75 D:A42 C:AKT86,S:83 H:QJ962 D:876 C:QJ3,24
Drury,4,N,Pass Pass 1H Pass 2C Pass 2D Pass 3H Pass 4H Pass Pass Pass,S:A94 H:AJ7 D:KT83 C:T82,S:752 H:KQT63 D:QJ9 C:A7,S:QT3 H:954 D:42 C:QJ643,S:KJ86 H:82 D:A765 C:K95,2
Drury,5,S,Pass Pass 1H Pass 3H Pass Pass Pass,S:Q84 H:AKJ53 D:82 C:A74,S:7 H:Q9864 D:T743 C:K83,S:AJT3 H:T2 D:AJ95 C:J52,S:K9652 H:7 D:KQ6 C:QT96,400
Drury,6,N,Pass Pass 1S Pass 2C Pass 4S Pass Pass Pass,S:T642 H:KQ5 D:86 C:AQ93,S:QJ9875 H:A4 D:KQJ C:87,S:K3 H:JT863 D:T74 C:KJ2,S:A H:972 D:A9532 C:T654,400
Drury,7,S,Pass Pass 1S Pass 2C Pass 2D Pass 2S Pass Pass Pass,S:KT843 H:J53 D:J76 C:AK,S:QJ96 H:AK D:852 C:9765,S:A2 H:T742 D:AT4 C:QJ42,S:75 H:Q986 D:KQ93 C:T83,15
Drury,8,N,Pass Pass 1S Pass 3S Pass Pass Pass,S:JT96 H:Q8 D:86 C:K8653,S:KQ875 H:K74 D:KQ7 C:T2,S:42 H:A962 D:AT42 C:Q94,S:A3 H:JT53 D:J953 C:AJ7,4
FSF,1,N,1C Pass 1H Pass 1S Pass 2D Pass 2H Pass 4H Pass Pass Pass,S:KQ92 H:AT6 D:J5 C:K954,S:A5 H:KQ982 D:T96 C:A63,S:J876 H:J75 D:Q843 C:T2,S:T43 H:43 D:AK72 C:QJ87,4
FSF,10,S,1D Pass 1S Pass 2C Pass 2H Pass 2S Pass 4S,S:KQJ62 H:963 D:A6 C:K54,S:743 H:K2 D:KJT8 C:AQ96,S:T H:AQ74 D:9732 C:T732,S:A985 H:JT85 D:Q54 C:J8,5
FSF,11,N,1H Pass 2C Pass 2D Pass 2S Pass 2NT Pass 3NT Pass Pass Pass,S:KJ3 H:QT975 D:AQ96 C:6,S:975 H:63 D:KT C:AKQJ83,S:T86 H:AKJ D:842 C:T752,S:AQ42 H:842 D:J753 C:94,2
FSF,12,S,1C Pass 1D Pass 1H Pass 1S Pass 2S Pass 4S,S:KQ95 H:K3 D:AJ863 C:93,S:A863 H:AJ75 D:9 C:KQ64,S:JT72 H:Q962 D:KT2 C:87,S:4 H:T84 D:Q754 C:AJT52,2
FSF,13,N,1H Pass 1S Pass 2C Pass 2D Pass 2S Pass 4S Pass Pass Pass,S:T94 H:KQJ62 D:6 C:AK65,S:KQJ53 H:73 D:A94 C:Q83,S:72 H:85 D:KQJ75 C:J742,S:A86 H:AT94 D:T832 C:T9,2
FSF,14,S,1C Pass 1H Pass 1S Pass 2D Pass 3H Pass 4H,S:A7 H:AQ743 D:T82 C:JT5,S:KT86 H:KJ9 D:6 C:AK642,S:Q32 H:T52 D:K9543 C:Q3,S:J954 H:86 D:AQJ7 C:987,38
FSF,2,S,1D Pass 1H Pass 1S Pass 2C Pass 2NT Pass Pass Pass,S:K72 H:AJT93 D:Q6 C:953,S:Q986 H:82 D:AK74 C:AT4,S:A53 H:KQ6 D:T985 C:K62,S:JT4 H:754 D:J32 C:QJ87,1
FSF,3,N,1C Pass 1H Pass 1S Pass 2D Pass 2NT Pass 3NT Pass Pass Pass,S:KQ92 H:T6 D:AJ5 C:K954,S:A5 H:KQ982 D:T96 C:A63,S:JT87 H:7 D:KQ8743 C:T8,S:643 H:AJ543 D:2 C:QJ72,7
FSF,4,S,1D Pass 1S Pass 2C Pass 2H Pass 3NT Pass Pass Pass,S:AK752 H:863 D:AK C:984,S:6 H:AJT D:QT954 C:AQ73,S:QT84 H:942 D:J632 C:KJ,S:J93 H:KQ75 D:87 C:T652,2
FSF,5,N,1H Pass 1S Pass 2C Pass 3NT Pass Pass Pass,S:Q4 H:AT864 D:83 C:AK82,S:KJT7 H:QJ D:KQJ9 C:J76,S:A983 H:K72 D:A6 C:T953,S:652 H:953 D:T7542 C:Q4,3
FSF,6,S,1H Pass 1S Pass 2C Pass 2D Pass 3C Pass 5C,S:AK985 H:A5 D:87 C:QJ94,S:7 H:KQ863 D:T4 C:AKT86,S:T6432 H:942 D:AKQ9 C:2,S:QJ H:JT7 D:J6532 C:753,2
FSF,7,N,1H Pass 1S Pass 2D Pass 3C Pass 3NT Pass Pass Pass,S:4 H:AJ863 D:QJT7 C:AJ9,S:KQJ76 H:KQ D:K64 C:863,S:AT52 H:97 D:985 C:KQT4,S:983 H:T542 D:A32 C:752,2
FSF,8,S,1D Pass 1S Pass 2C Pass 3H Pass 4H Pass Pass Pass,S:KT854 H:AKT7 D:85 C:K4,S:6 H:QJ82 D:AKT9 C:A985,S:AQ9 H:954 D:J2 C:QJ732,S:J732 H:63 D:Q7643 C:T6,7
FSF,9,N,1H Pass 1S Pass 2D Pass 4H Pass Pass Pass,S:A3 H:AQJ72 D:QT83 C:64,S:KQJ5 H:864 D:AK7 C:975,S:T86 H:KT53 D:62 C:KQJ3,S:9742 H:9 D:J954 C:AT82,6
Help,1,S,1H Pass 2H Pass Pass Pass,S:QT6 H:T86 D:AJ4 C:J752,S:A5 H:AQ942 D:T853 C:K3,S:J873 H:7 D:KQ962 C:T94,S:K942 H:KJ53 D:7 C:AQ86,3
Help,10,N,1S Pass 2S Pass 3D Pass 3H Pass 4S,S:AKQ84 H:62 D:962 C:AK8,S:T53 H:AK53 D:853 C:QT2,S:976 H:T87 D:AKJ4 C:654,S:J2 H:QJ94 D:QT7 C:J973,1
Help,2,N,1S Pass 2S Pass 3H Pass 4S Pass Pass Pass,S:KQT98 H:Q543 D:AQ C:A5,S:J742 H:K8 D:965 C:K762,S:65 H:AJ9 D:KJT72 C:Q94,S:A3 H:T762 D:843 C:JT83,1
Help,3,S,1S Pass 2S Pass 4S Pass Pass Pass,S:T853 H:KQ54 D:Q76 C:94,S:AQJ96 H:A7 D:AK5 C:T63,S:72 H:JT9 D:JT93 C:AJ72,S:K4 H:8632 D:842 C:KQ85,2
Help,4,N,1H Pass 2H Pass 3D Pass 3H Pass Pass Pass,S:A3 H:AQJ92 D:Q742 C:K8,S:J42 H:K85 D:653 C:A762,S:QT965 H:74 D:KJT9 C:43,S:K87 H:T63 D:A8 C:QJT95,10
Help,5,S,1H Pass 2H Pass 3C Pass 3H Pass Pass Pass,S:QJ2 H:K863 D:865 C:T95,S:K3 H:AJ972 D:AK C:J863,S:A765 H:T54 D:J43 C:K74,S:T984 H:Q D:QT972 C:AQ2,2
Help,6,N,1S Pass 2S Pass 3H Pass 4S Pass Pass Pass,S:AKQ92 H:Q873 D:A4 C:Q7,S:8753 H:6 D:KQ53 C:JT62,S:T H:JT42 D:T87 C:AK843,S:J64 H:AK95 D:J962 C:95,1
Help,7,S,1S Pass 2S Pass 3D Pass 4S Pass Pass Pass,S:Q65 H:T864 D:AJ73 C:76,S:AKJ84 H:2 D:K642 C:A83,S:932 H:AQJ5 D:T8 C:KJT2,S:T7 H:K973 D:Q95 C:Q954,5
Help,8,N,1H Pass 2H Pass 3C Pass 4H Pass Pass Pass,S:KQ5 H:AQT75 D:AJ C:J64,S:A62 H:KJ6 D:9653 C:Q83,S:T94 H:9 D:T872 C:KT952,S:J873 H:8432 D:KQ4 C:A7,1
Help,9,S,1H Pass 2H Pass 2S Pass 4H Pass Pass Pass,S:K8 H:J742 D:K762 C:965,S:Q543 H:KQT98 D:A5 C:AQ,S:J762 H:A D:93 C:JT7432,S:AT9 H:653 D:QJT84 C:K8,4
Jacoby,1,E,Pass 1S Pass 2NT Pass 4S Pass Pass Pass,S:K764 H:KT6 D:A953 C:K8,S:AQJT8 H:QJ2 D:84 C:Q53,S:53 H:A843 D:J C:JT9764,S:92 H:975 D:KQT762 C:A2,1
Jacoby,10,N,1H Pass 2NT Pass 3H Pass 3S Pass 4NT Pass 5H Pass 6H Pass Pass Pass,S:K3 H:KJT974 D:KQ5 C:A9,S:AQ62 H:AQ53 D:J98 C:T7,S:JT84 H:6 D:T643 C:KQ64,S:975 H:82 D:A72 C:J8532,400
Jacoby,11,S,1S Pass 2NT Pass 4NT Pass 5S Pass 7NT Pass Pass Pass,S:AQ63 H:A9 D:T87 C:A964,S:KJ98752 H:KQ3 D:AK C:8,S:T H:T876 D:QJ642 C:Q53,S:4 H:J542 D:953 C:KJT72,400
Jacoby,12,N,1H Pass 3S Pass 4C Pass 4D Pass 6H Pass Pass Pass,S:765 H:AJT96 D:KQ C:A65,S:9 H:KQ85 D:A972 C:K743,S:AT842 H:32 D:643 C:QJ9,S:KQJ3 H:74 D:JT85 C:T82,9
Jacoby,14,N,1H Pass 2NT Pass 4H Pass Pass Pass,S:765 H:AJT96 D:KQ C:A65,S:K H:KQ85 D:A972 C:J743,S:QT83 H:73 D:J863 C:KQT,S:AJ942 H:42 D:T54 C:982,12
Jacoby,15,S,1H Pass 4C Pass 4NT Pass 5D Pass 5H Pass Pass Pass,S:KQJ52 H:AJT2 D:954 C:7,S:3 H:KQ753 D:KQJ6 C:A86,S:AT97 H:96 D:873 C:K943,S:864 H:84 D:AT2 C:QJT52,1
Jacoby,16,N,1S Pass 2NT Pass 3S Pass 4S Pass Pass Pass,S:AJ8763 H:AQ7 D:KQ C:87,S:K9542 H:K6 D:J4 C:KQ53,S:T H:JT985 D:986 C:AT64,S:Q H:432 D:AT7532 C:J92,1
Jacoby,17,S,1H Pass 2NT Pass 4H Pass 4S Pass 5H Pass Pass Pass,S:AK3 H:KJ95 D:KQJ3 C:97,S:Q74 H:AQT83 D:87 C:KQ6,S:962 H:72 D:AT54 C:JT53,S:JT85 H:64 D:962 C:A842,1
Jacoby,18,N,1S Pass 4H Pass 5C Pass 5H Pass 6S Pass Pass Pass,S:A98753 H:95 D:KQJT C:A,S:KQJ42 H: D:9753 C:KQ84,S:T H:AKJT72 D:64 C:9765,S:6 H:Q8643 D:A82 C:JT32,400
Jacoby,19,S,1S Pass 2NT Pass 3NT Pass 4D Pass 4H Pass 4NT Pass 5S Pass 7S Pass Pass Pass,S:KQ643 H:76 D:AKQ C:KQJ,S:AJT87 H:AQ D:J4 C:AT83,S:95 H:JT852 D:T86 C:742,S:2 H:K943 D:97532 C:965,400
Jacoby,2,N,1S Pass 2NT Pass 3H Pass 4S Pass Pass Pass,S:KQJ62 H:6 D:KJ75 C:A84,S:AT87 H:KJ95 D:84 C:KQ3,S:93 H:Q83 D:AQT2 C:T962,S:54 H:AT742 D:963 C:J75,2
Jacoby,21,S,1H Pass 4C Pass 4NT Pass 5H Pass 6H Pass Pass Pass,S:A75 H:J9865 D:AK93 C:7,S:K92 H:AKQ74 D:7 C:A963,S:JT8 H:32 D:J86 C:QT542,S:Q643 H:T D:QT542 C:KJ8,400
Jacoby,22,N,1S Pass 2NT Pass 3H Pass 4D Pass 4S Pass Pass Pass,S:AK874 H:6 D:KJ62 C:QJ6,S:QT95 H:KQ D:AQ3 C:9875,S:32 H:JT543 D:854 C:K32,S:J6 H:A9872 D:T97 C:AT4,16
Jacoby,23,S,1H Pass 2NT Pass 3H Pass 3S Pass 4NT Pass 5D Pass 5H Pass Pass Pass,S:AK3 H:KJ95 D:J3 C:QT87,S:QJ H:AQ8643 D:KQ C:KJ5,S:9652 H:T2 D:98764 C:A9,S:T874 H:7 D:AT52 C:6432,400
Jacoby,24,N,1S Pass 2NT Pass 4D Pass 4NT Pass 5H Pass 6S Pass Pass Pass,S:AQ853 H:5 D:AJT72 C:63,S:K9762 H:AK74 D:KQ8 C:K,S:T4 H:Q62 D:94 C:QT9742,S:J H:JT983 D:653 C:AJ85,400
Jacoby,25,S,1S Pass 2NT Pass 3NT Pass 4C Pass 4S Pass Pass Pass,S:KJ64 H:KQ5 D:J4 C:AJ95,S:AQ975 H:JT D:KQ5 C:KQT,S:T2 H:8643 D:AT72 C:743,S:83 H:A972 D:9863 C:862,5
Jacoby,3,S,1S Pass 2NT Pass 3C Pass 3H Pass 3S Pass 4S Pass Pass Pass,S:QJ95 H:AJ63 D:K7 C:KT4,S:AKT87 H:KQ5 D:JT84 C:8,S:62 H:T74 D:652 C:AQ632,S:43 H:982 D:AQ93 C:J975,12
Jacoby,4,N,1S Pass 2NT Pass 3NT Pass 4S Pass Pass Pass,S:AQJT8 H:K4 D:84 C:AQ83,S:K943 H:72 D:KQJ95 C:KJ,S:765 H:AQ985 D:A73 C:94,S:2 H:JT63 D:T62 C:T7652,1
Jacoby,5,S,1S Pass 2NT Pass 3S Pass 4S Pass Pass Pass,S:K973 H:J7 D:KQ65 C:KJ8,S:AQJT85 H:K4 D:84 C:AT3,S:6 H:AQT82 D:J92 C:9764,S:42 H:9653 D:AT73 C:Q52,1
Jacoby,6,N,1H Pass 2NT Pass 4H Pass Pass Pass,S:A65 H:AT754 D:A7 C:862,S:K3 H:KQ86 D:KQJ3 C:975,S:972 H:2 D:T654 C:KJT43,S:QJT84 H:J93 D:982 C:AQ,2
Jacoby,7,S,1H Pass 2NT Pass 4D Pass 4H Pass Pass Pass,S:QJ H:AJT6 D:Q52 C:KJ73,S:73 H:KQ972 D:AKJ98 C:5,S:AT8654 H:53 D:76 C:A82,S:K92 H:84 D:T43 C:QT964,400
Jacoby,8,N,1H Pass 2NT Pass 3D Pass 4H Pass Pass Pass,S:AQ3 H:AJT953 D:6 C:K82,S:KJ H:KQ86 D:KJT3 C:975,S:T8762 H:2 D:Q94 C:QT43,S:954 H:74 D:A8752 C:AJ6,400
Jacoby,9,S,1H Pass 3S Pass 4C Pass 4D Pass 6H Pass Pass Pass,S:3 H:QT95 D:AQ3 C:KJT83,S:T94 H:AKJ84 D:KJT C:AQ,S:QJ85 H:32 D:9874 C:652,S:AK762 H:76 D:652 C:974,14
Major,1,S,1H Pass 2H Pass Pass Pass,S:975 H:Q732 D:543 C:AK4,S:A4 H:AKJ98 D:872 C:865,S:KQT2 H:65 D:AT96 C:QJ9,S:J863 H:T4 D:KQJ C:T732,27
Major,10,S,1S Pass 1NT Pass 3S Pass 4S Pass Pass Pass,S:Q6 H:K873 D:A97 C:T854,S:AKT753 H:QJ5 D:KQT C:7,S:842 H:A62 D:6542 C:KJ2,S:J9 H:T94 D:J83 C:AQ963,4
Major,11,S,1H Pass 3H Pass 4NT Pass 5H Pass 6H Pass Pass Pass,S:AT2 H:K752 D:743 C:A97,S:6 H:AQJ98 D:AK85 C:KQJ,S:QJ983 H:T4 D:QJT9 C:64,S:K754 H:63 D:62 C:T8532,1
Major,12,N,1H Pass 2H Pass 4H Pass Pass Pass,S:K5 H:AKQ75 D:K63 C:AT8,S:987 H:T86 D:AQ85 C:632,S:JT632 H:93 D:T42 C:QJ4,S:AQ4 H:J42 D:J97 C:K975,3
Major,13,N,1H Pass 4H Pass Pass Pass,S:742 H:KT742 D:AQ4 C:K3,S:8 H:Q9853 D:KJ85 C:864,S:A653 H:J6 D:T62 C:AT97,S:KQJT9 H:A D:973 C:QJ52,9
Major,14,N,1H Pass 1S Pass 3H Pass 4H Pass Pass Pass,S:3 H:AKJ873 D:AQJ3 C:73,S:AK972 H:Q5 D:742 C:T65,S:Q854 H:64 D:T86 C:KJ82,S:JT6 H:T92 D:K95 C:AQ94,1
Major,15,N,1S Pass 2C Pass 2D Pass 4S Pass 4NT Pass 5D Pass 6S,S:AQT93 H:A92 D:KQJ3 C:4,S:KJ72 H:85 D:742 C:AKQ5,S:65 H:QJT6 D:96 C:J9863,S:84 H:K743 D:AT85 C:T72,2
Major,16,N,1H Pass 3H Pass 4H Pass Pass Pass,S:75 H:AKT764 D:KJ C:QJT,S:AKT8 H:9853 D:QT96 C:8,S:J432 H:Q D:742 C:96542,S:Q96 H:J2 D:A853 C:AK73,4
Major,17,N,1H Pass 1S Pass 2S Pass 4S Pass Pass Pass,S:A962 H:AKJ74 D:T5 C:73,S:KQT8 H:Q6 D:QJ96 C:A96,S:75 H:T932 D:432 C:QJT8,S:J43 H:85 D:AK87 C:K542,3
Major,18,N,1S Pass 2S Pass 3S Pass 4S Pass Pass Pass,S:AT975 H:KQ D:KT5 C:AJ7,S:KQ86 H:J76 D:QJ76 C:96,S:J32 H:T83 D:43 C:KQT52,S:4 H:A9542 D:A982 C:843,1
Major,19,N,1S Pass 2S Pass 3C Pass 3S Pass Pass Pass,S:AT975 H:KQ D:A3 C:QT43,S:KQ86 H:J76 D:J76 C:965,S:J H:AT952 D:KQT9 C:872,S:432 H:843 D:8542 C:AKJ,2
Major,2,S,1H Pass 2H Pass 4H Pass Pass Pass,S:963 H:Q752 D:K4 C:K874,S:A4 H:AKT98 D:A72 C:QJ5,S:KT72 H:63 D:JT85 C:A93,S:QJ85 H:J4 D:Q963 C:T62,9
Major,20,N,1H Pass 2H Pass 3D Pass 4H Pass Pass Pass,S:AK42 H:AKJ53 D:J72 C:T,S:93 H:QT6 D:KQT3 C:9654,S:Q8 H:982 D:A94 C:QJ732,S:JT765 H:74 D:865 C:AK8,2
Major,3,S,1S Pass 3S Pass 4S Pass Pass Pass,S:9872 H:K83 D:AQJ C:Q64,S:KQJT6 H:A D:9872 C:KJ5,S:54 H:QJ65 D:643 C:T973,S:A3 H:T9742 D:KT5 C:A82,8
Major,4,E,Pass 1S Pass 3S Pass Pass Pass,S:K742 H:Q8 D:A653 C:K94,S:A8653 H:J4 D:J72 C:AQ6,S:JT H:K653 D:Q84 C:JT72,S:Q9 H:AT972 D:KT9 C:853,8
Major,5,S,1H Pass 2C Pass 2H Pass 4H Pass Pass Pass,S:A73 H:A73 D:Q5 C:QJ543,S:952 H:KJT864 D:K72 C:A,S:KJ8 H:Q5 D:A984 C:KT62,S:QT64 H:92 D:JT63 C:987,4
Major,6,S,1H Pass 1S Pass 2S Pass Pass Pass,S:J874 H:75 D:K54 C:QJ52,S:AK65 H:J9864 D:72 C:A3,S:T93 H:T D:QJ863 C:K987,S:Q2 H:AKQ32 D:AT9 C:T64,15
Major,7,S,1H Pass 1S Pass 3S Pass 4S Pass Pass Pass,S:K973 H:5 D:KQ64 C:Q876,S:AT65 H:AK864 D:72 C:A3,S:Q84 H:QJ9 D:AJT8 C:J42,S:J2 H:T732 D:953 C:KT95,3
Major,8,S,1S Pass 2C Pass 2H Pass 3NT Pass Pass Pass,S:A4 H:Q7 D:KT97 C:KQJ86,S:KQ973 H:AT95 D:QJ3 C:T,S:JT52 H:K832 D:2 C:A743,S:86 H:J64 D:A8654 C:952,1
Major,9,S,1S Pass 2H Pass 4H Pass Pass Pass,S:62 H:K973 D:A84 C:A983,S:A9753 H:QJT5 D:KQJ C:7,S:K4 H:42 D:T652 C:KQT42,S:QJT8 H:A86 D:973 C:J65,1
Minor,1,S,1D Pass 1H Pass 2H Pass Pass Pass,S:K73 H:QT62 D:J5 C:J874,S:A4 H:KJ98 D:9872 C:KQ5,S:Q96 H:A73 D:K43 C:AT96,S:JT852 H:54 D:AQT6 C:32,5
Minor,10,S,1D Pass 1S Pass 2NT Pass 3S Pass 4S Pass Pass Pass,S:KT9742 H:QJ5 D:3 C:743,S:QJ6 H:AK7 D:Q864 C:AK8,S:A8 H:984 D:AK72 C:T965,S:53 H:T632 D:JT95 C:QJ2,4
Minor,11,N,1C Pass 1S Pass 2S Pass Pass Pass,S:AK74 H:KQ96 D:J8 C:976,S:JT96 H:85 D:742 C:AK83,S:Q3 H:AJ32 D:K95 C:J542,S:852 H:T74 D:AQT63 C:QT,10
Minor,12,N,1D Pass 1H Pass 2H Pass 4H Pass Pass Pass,S:AK9 H:KQ83 D:QT42 C:T3,S:76 H:AJ96 D:AK83 C:J85,S:T432 H:T542 D:97 C:A62,S:QJ85 H:7 D:J65 C:KQ974,2
Minor,13,N,1C Pass 1H Pass 1S Pass 4S Pass Pass Pass,S:K963 H:A7 D:JT9 C:AJT7,S:QJT7 H:KQ98 D:762 C:KQ,S:8 H:JT632 D:A85 C:8432,S:A542 H:54 D:KQ43 C:965,5
Minor,14,N,1D Pass 2NT Pass 3NT Pass Pass Pass,S:KT4 H:J97 D:AK72 C:K53,S:AJ5 H:KT6 D:Q986 C:A96,S:Q62 H:Q42 D:43 C:QJT87,S:9873 H:A853 D:JT5 C:42,1
Minor,15,N,1C Pass 1H Pass 1S Pass 3NT Pass Pass Pass,S:AK92 H:J5 D:K72 C:K832,S:T83 H:KQT6 D:AQ6 C:QJ5,S:J754 H:97432 D:J3 C:A6,S:Q6 H:A8 D:T9854 C:T974,4
Minor,16,N,1D Pass 3D Pass 3NT Pass Pass Pass,S:KT93 H:AT84 D:QT3 C:A9,S:A7 H:K9 D:KJ974 C:JT85,S:8542 H:Q753 D:A52 C:63,S:QJ6 H:J62 D:86 C:KQ742,6
Minor,17,N,1C Pass 1S Pass 3S Pass Pass Pass,S:AK63 H:K9 D:A83 C:Q975,S:J985 H:Q74 D:T5 C:K862,S:742 H:J862 D:KJ76 C:43,S:QT H:AT53 D:Q942 C:AJT,4
Minor,18,N,1D Pass 1H Pass 3H Pass 4H Pass Pass Pass,S:A93 H:AT83 D:KQJ6 C:QJ,S:84 H:KQ97 D:AT5 C:T862,S:QT7652 H:J6 D:97 C:975,S:KJ H:542 D:8432 C:AK43,2
Minor,19,N,1C Pass 1S Pass 3S Pass 4NT Pass 5C Pass 5S Pass Pass Pass,S:QT86 H: D:KQJT C:KQJT8,S:KJ953 H:AK64 D:9 C:A97,S:42 H:QJ53 D:8643 C:542,S:A7 H:T9872 D:A752 C:63,1
Minor,2,S,1D Pass 1NT Pass Pass Pass,S:762 H:Q96 D:J92 C:AQ96,S:AQJ5 H:KJ4 D:KT53 C:72,S:98 H:87532 D:A764 C:J8,S:KT43 H:AT D:Q8 C:KT543,4
Minor,20,N,1D Pass 2D Pass 4D Pass 5D Pass Pass Pass,S:9 H:AK8 D:AJT64 C:KQJ2,S:KT6 H:75 D:KQ953 C:974,S:QJ874 H:94 D:72 C:AT85,S:A532 H:QJT632 D:8 C:63,400
Minor,3,S,1C Pass 1H Pass 4H Pass Pass Pass,S:653 H:K872 D:873 C:KQ5,S:AK97 H:AQJ5 D:5 C:A864,S:JT2 H:63 D:AKT64 C:J92,S:Q84 H:T94 D:QJ92 C:T73,3
Minor,4,S,1C Pass 1S Pass 3S Pass 4S,S:K8654 H:A86 D:742 C:95,S:AT97 H:75 D:AK C:AT832,S:J2 H:KQJ42 D:JT3 C:J64,S:Q3 H:T93 D:Q9865 C:KQ7,4
Minor,5,S,1D Pass 2NT Pass 3NT Pass Pass Pass,S:Q73 H:KT3 D:KT4 C:AQT2,S:KJT8 H:QJ96 D:A65 C:K9,S:A652 H:A8754 D:J97 C:4,S:94 H:2 D:Q832 C:J87653,2
Minor,6,S,1D Pass 1NT Pass 2C Pass 3C Pass Pass Pass,S:AJ3 H:J64 D:93 C:KT985,S:86 H:T2 D:AQT65 C:AQJ2,S:KT74 H:K973 D:842 C:64,S:Q952 H:AQ85 D:KJ7 C:73,29
Minor,7,S,1C Pass 3C Pass 4NT Pass 5D Pass 6C Pass Pass Pass,S:J4 H:QJ4 D:AQ5 C:KT873,S:KQ65 H:AK97 D:8 C:AQJ2,S:A982 H:T63 D:JT94 C:54,S:T73 H:852 D:K7632 C:96,2
Minor,8,S,1D Pass 3D Pass 3NT Pass Pass Pass,S:AJ H:Q73 D:KQT62 C:T92,S:QT5 H:AJ9 D:J873 C:AQ5,S:K8432 H:85 D:954 C:KJ8,S:976 H:KT642 D:A C:7643,1
Minor,9,S,1C Pass 1S Pass 2NT Pass 3NT Pass Pass Pass,S:Q742 H:KJ5 D:A83 C:T76,S:AJT H:QT7 D:KJ6 C:AK83,S:63 H:98643 D:QT C:J542,S:K985 H:A2 D:97542 C:Q9,2
NMF,1,N,1C Pass 1S Pass 1NT Pass 2D Pass 2S Pass 4S Pass Pass Pass,S:T92 H:AQ3 D:T86 C:AK54,S:QJ865 H:K92 D:AK C:863,S:K73 H:T854 D:Q72 C:QT2,S:A4 H:J76 D:J9543 C:J97,5
NMF,10,S,1D Pass 1S Pass 1NT Pass 2C Pass 3H Pass 4H,S:KQJ62 H:KQ63 D:86 C:54,S:98 H:AJT2 D:AKQ4 C:T96,S:753 H:94 D:J975 C:AQ73,S:AT4 H:875 D:T32 C:KJ82,3
NMF,11,N,1C Pass 1S Pass 1NT Pass 2D Pass 2H Pass 3NT Pass Pass Pass,S:72 H:KQ75 D:J96 C:AK94,S:KQJT5 H:A3 D:KT7 C:T83,S:863 H:J82 D:Q52 C:Q752,S:A94 H:T964 D:A843 C:J6,1
NMF,12,S,1C Pass 1S Pass 2NT Pass 3D Pass 3S Pass 4S,S:KQ962 H:Q74 D:Q93 C:93,S:AT7 H:AJT D:KJ5 C:KQT6,S:J43 H:53 D:AT6 C:AJ754,S:85 H:K9862 D:8742 C:82,4
NMF,13,N,1H Pass 1S Pass 2NT Pass 3C Pass 3NT Pass 6NT Pass Pass Pass,S:J4 H:AKQ86 D:KQ4 C:KT4,S:KQT53 H:73 D:A53 C:AQ3,S:A8762 H:94 D:862 C:J62,S:9 H:JT52 D:JT97 C:9875,1
NMF,14,S,1D Pass 1S Pass 1NT Pass 2C Pass 2D Pass 3NT,S:AQ642 H:KQ7 D:J6 C:QJ4,S:K8 H:962 D:AKQ84 C:T96,S:JT97 H:AJ53 D:97 C:K75,S:53 H:T84 D:T532 C:A832,2
NMF,2,S,1D Pass 1S Pass 1NT Pass 2C Pass 2NT Pass 3NT,S:KQJT2 H:K63 D:86 C:A54,S:96 H:A82 D:AK74 C:Q863,S:A87 H:JT75 D:52 C:KT92,S:543 H:Q94 D:QJT93 C:J7,1
NMF,3,N,1D Pass 1H Pass 1NT Pass 2C Pass 2H Pass Pass Pass,S:962 H:A53 D:KQJ5 C:K84,S:Q74 H:KQ642 D:87 C:A53,S:A53 H:T987 D:A963 C:Q6,S:KJT8 H:J D:T42 C:JT972,2
NMF,4,S,1D Pass 1S Pass 1NT Pass 2C Pass 2H Pass 4H,S:AKQ52 H:AT63 D:75 C:T4,S:63 H:KQJ2 D:AK86 C:985,S:JT9 H:987 D:T93 C:AKJ6,S:874 H:54 D:QJ42 C:Q732,1
NMF,5,N,1D Pass 1H Pass 1NT Pass 2C Pass 2NT Pass Pass Pass,S:KJ2 H:73 D:AK62 C:Q742,S:Q74 H:KQ642 D:87 C:A53,S:A653 H:8 D:T43 C:KJT98,S:T98 H:AJT95 D:QJ95 C:6,1
NMF,6,S,1C Pass 1H Pass 1NT Pass 2D Pass 3H Pass 4H,S:A7 H:AQT63 D:QT4 C:753,S:K43 H:K92 D:J85 C:AK86,S:JT65 H:J87 D:A62 C:QJT,S:Q982 H:54 D:K973 C:942,10
NMF,7,N,1C Pass 1S Pass 1NT Pass 2D Pass 2H Pass 4H Pass Pass Pass,S:Q2 H:Q954 D:A52 C:KQ97,S:KJ976 H:AK87 D:64 C:T3,S:A3 H:J32 D:QJT8 C:8654,S:T854 H:T6 D:K973 C:AJ2,7
NMF,8,S,1D Pass 1H Pass 1NT Pass 2C Pass 3NT Pass Pass Pass,S:K52 H:AJT74 D:J5 C:Q74,S:AQ9 H:82 D:AKT9 C:JT95,S:JT86 H:KQ95 D:7432 C:K,S:743 H:63 D:Q86 C:A8632,1
NMF,9,N,1D Pass 1H Pass 1NT Pass 2C Pass 2NT Pass 3NT Pass Pass Pass,S:QT5 H:JT D:AK642 C:Q86,S:K94 H:AK542 D:85 C:KJ9,S:AJ8 H:Q987 D:QT973 C:T,S:7632 H:63 D:J C:A75432,15
Notrump,1,S,1NT Pass 2NT Pass Pass Pass,S:K93 H:K74 D:K65 C:T972,S:A74 H:AQ85 D:Q74 C:QJ6,S:852 H:J D:AT932 C:A543,S:QJT6 H:T9632 D:J8 C:K8,2
Notrump,10,E,Pass 1NT Pass 3D Pass 3NT Pass Pass Pass,S:AT9 H:83 D:AKJT82 C:J8,S:KQ6 H:KQ4 D:Q74 C:KT96,S:J42 H:J752 D:95 C:AQ43,S:8753 H:AT96 D:63 C:752,4
Notrump,11,E,Pass 1NT Pass 3C Pass 4C Pass 4NT Pass 5D Pass 6C,S:3 H:A85 D:KJ3 C:AQ8754,S:KQ6 H:KQ4 D:A74 C:KT96,S:A8754 H:JT72 D:965 C:J,S:JT92 H:963 D:QT82 C:32,400
Notrump,13,S,2NT Pass 3S Pass 4S Pass Pass Pass,S:KQT72 H:83 D:75 C:T872,S:AJ8 H:K952 D:AQ4 C:AQ9,S:63 H:Q64 D:JT982 C:KJ3,S:954 H:AJT7 D:K63 C:654,4
Notrump,14,W,Pass 1NT Pass Pass Pass,S:A6 H:AJ6 D:KJ62 C:Q864,S:K983 H:KQ2 D:T74 C:953,S:J42 H:T874 D:Q85 C:AJ2,S:QT75 H:953 D:A93 C:KT7,3
Notrump,15,N,1NT Pass 2NT Pass 3NT Pass Pass Pass,S:AQ2 H:A97 D:Q83 C:KQT4,S:K93 H:KQ2 D:T974 C:J53,S:JT54 H:JT654 D:AK C:97,S:876 H:83 D:J652 C:A862,6
Notrump,16,N,1NT Pass 3NT Pass Pass Pass,S:AQT H:Q6 D:AJ73 C:KT96,S:73 H:AK2 D:KT94 C:Q753,S:KJ862 H:9873 D:62 C:A8,S:954 H:JT54 D:Q85 C:J42,6
Notrump,17,N,1NT Pass 3NT Pass Pass Pass,S:AQ52 H:KQ9 D:J7 C:AT97,S:73 H:T75 D:AKT964 C:86,S:T986 H:AJ82 D:53 C:QJ3,S:KJ4 H:643 D:Q82 C:K542,3
Notrump,18,N,1NT Pass 4NT Pass Pass Pass,S:A743 H:AJ9 D:KJ2 C:Q63,S:QJ5 H:K6 D:AQ74 C:KJT7,S:K986 H:853 D:T9 C:A952,S:T2 H:QT742 D:8653 C:84,1
Notrump,19,N,2NT Pass 6NT Pass Pass Pass,S:AQ7 H:AT4 D:KQJ6 C:A83,S:K6 H:KJ5 D:T75 C:KQJT4,S:T3 H:Q862 D:9432 C:975,S:J98542 H:973 D:A8 C:62,2
Notrump,2,S,1NT Pass 2NT Pass 3NT Pass Pass Pass,S:T93 H:K74 D:QJ85 C:K83,S:A74 H:AQ D:T74 C:AQT65,S:852 H:JT82 D:AK96 C:74,S:KQJ6 H:9653 D:32 C:J92,7
Notrump,20,N,1NT Pass 2S Pass Pass Pass,S:AT3 H:Q7 D:AT75 C:AJ62,S:987642 H:95 D:QJ4 C:73,S:QJ5 H:KJT83 D:K62 C:85,S:K H:A642 D:983 C:KQT94,1
Notrump,21,N,1NT Pass 4H Pass Pass Pass,S:J9 H:A73 D:AQ95 C:A983,S:76 H:KJ9865 D:86 C:KJT,S:A854 H:T2 D:JT43 C:742,S:KQT32 H:Q4 D:K72 C:Q65,17
Notrump,22,N,1NT Pass 3S Pass 4S Pass Pass Pass,S:K84 H:A73 D:KJ64 C:A75,S:QJT95 H:T4 D:A87 C:KQ9,S:A732 H:Q86 D:T95 C:J83,S:6 H:KJ952 D:Q32 C:T642,1
Notrump,23,N,1NT Pass 3C Pass 4C Pass 4D Pass 6C Pass Pass Pass,S:AJ3 H:AJ65 D:K5 C:QJ63,S:85 H:K7 D:AT9 C:AKT875,S:7642 H:T432 D:Q743 C:9,S:KQT9 H:Q98 D:J862 C:42,1
Notrump,24,N,2NT Pass 3NT Pass Pass Pass,S:KQ9 H:AJT D:AQ2 C:AJT4,S:85 H:97 D:KT9873 C:962,S:AT73 H:K832 D:J5 C:KQ5,S:J642 H:Q654 D:64 C:873,1
Notrump,25,N,2NT Pass 4C Pass 4S Pass 6S Pass Pass Pass,S:QT2 H:KQJ D:AQ95 C:AJ5,S:KJ98753 H:A8 D:6 C:KQ2,S:A4 H:T9764 D:J832 C:T3,S:6 H:532 D:KT74 C:98764,4
Notrump,3,S,1NT Pass 2NT Pass 3NT Pass Pass Pass,S:865 H:K84 D:QJ95 C:K83,S:QJT H:AQ D:T87 C:AQT95,S:9743 H:JT52 D:K2 C:J64,S:AK2 H:9763 D:A643 C:72,4
Notrump,4,S,1NT Pass 4NT Pass Pass Pass,S:AK3 H:AK7 D:T82 C:QT75,S:QJT5 H:Q98 D:AQ4 C:A98,S:98742 H:T53 D:3 C:K642,S:6 H:J642 D:KJ9765 C:J3,7
Notrump,5,S,1NT Pass 4NT Pass 6NT Pass Pass Pass,S:AK3 H:AK7 D:T82 C:QT75,S:QJT5 H:Q98 D:AK4 C:AJ9,S:764 H:T6532 D:J9 C:K83,S:982 H:J4 D:Q7653 C:642,2
Notrump,6,S,1NT Pass 4NT Pass 6NT Pass Pass Pass,S:AK3 H:AK7 D:T82 C:QT75,S:QJT5 H:Q98 D:AQ4 C:AJ9,S:742 H:T6532 D:J53 C:62,S:986 H:J4 D:K976 C:K843,1
Notrump,7,E,Pass 1NT Pass 2H Pass Pass Pass,S:73 H:JT9763 D:K3 C:542,S:KQ6 H:Q5 D:AJ74 C:KT96,S:AJT98 H:8 D:QT96 C:J73,S:542 H:AK42 D:852 C:AQ8,16
Notrump,8,W,Pass Pass Pass 1NT Pass 3H Pass 3NT Pass Pass Pass,S:J8 H:QJT73 D:J53 C:A73,S:KQ6 H:K5 D:AQ74 C:KT96,S:T9753 H:9642 D:K8 C:42,S:A42 H:A8 D:T962 C:QJ85,3
Notrump,9,W,Pass Pass Pass 1NT Pass 3S Pass 4S Pass Pass Pass,S:JT973 H:A82 D:62 C:A75,S:KQ6 H:K5 D:AQ74 C:KT96,S:54 H:QT63 D:98 C:Q8432,S:A82 H:J974 D:KJT53 C:J,3
Ogust,1,S,2H Pass 2NT Pass 3C Pass 3H Pass Pass Pass,S:975 H:A5 D:AT64 C:AK82,S:83 H:QJ9764 D:K7 C:964,S:KJ62 H:K3 D:J532 C:T73,S:AQT4 H:T82 D:Q98 C:QJ5,11
Ogust,10,W,Pass 2S Pass 2NT Pass 3S Pass 6S Pass Pass Pass,S:AQ9874 H:873 D:75 C:K4,S:KT3 H:5 D:AKQ94 C:A872,S:J52 H:AK962 D:32 C:JT3,S:6 H:QJT4 D:JT86 C:Q965,1
Ogust,2,W,Pass 2H Pass 2NT Pass 3C Pass 3H Pass Pass Pass,S:83 H:KT9764 D:K7 C:964,S:A75 H:85 D:AT64 C:AK82,S:J642 H:QJ2 D:QJ98 C:JT,S:KQT9 H:A3 D:532 C:Q753,21
Ogust,3,S,2S Pass 2NT Pass 3D Pass 3S Pass Pass Pass,S:J2 H:A62 D:A853 C:AK86,S:KQT854 H:85 D:764 C:92,S:A63 H:KQT97 D:2 C:QJ54,S:97 H:J43 D:KQJT9 C:T73,3
Ogust,4,W,Pass 2S Pass 2NT Pass 3H Pass 4S Pass Pass Pass,S:QJ8753 H:KQ3 D:97 C:T4,S:K6 H:A85 D:AT64 C:A982,S:AT4 H:J9762 D:K85 C:73,S:92 H:T4 D:QJ32 C:KQJ65,2
Ogust,5,S,2S Pass 2NT Pass 3H Pass 4S Pass Pass Pass,S:J2 H:A62 D:A853 C:AK86,S:KT9854 H:KQ D:964 C:75,S:63 H:543 D:KQJT2 C:J43,S:AQ7 H:JT987 D:7 C:QT92,1
Ogust,6,W,Pass 2D Pass 2NT Pass 3D Pass 3NT Pass Pass Pass,S:T62 H:84 D:AQ9873 C:74,S:A93 H:A75 D:K654 C:A82,S:Q754 H:J632 D:JT C:KQ5,S:KJ8 H:KQT9 D:2 C:JT963,400
Ogust,7,S,2D Pass 2NT Pass 3NT Pass Pass Pass,S:KJ94 H:A63 D:J2 C:AK76,S:83 H:T2 D:AKQT64 C:984,S:AT75 H:QJ8 D:75 C:Q532,S:Q62 H:K9754 D:983 C:JT,1
Ogust,8,W,Pass 2H Pass 2NT Pass 3NT Pass 4H Pass Pass Pass,S:2 H:AKQT83 D:765 C:964,S:QT3 H:75 D:AKQ4 C:A872,S:A98765 H:6 D:82 C:QJT3,S:KJ4 H:J942 D:JT93 C:K5,5
Ogust,9,S,2H Pass 2NT Pass 3S Pass 4H Pass Pass Pass,S:A876 H:K5 D:A974 C:A86,S:K3 H:AQ9764 D:85 C:973,S:954 H:32 D:KJT3 C:QJ54,S:QJT2 H:JT8 D:Q62 C:KT2,3
Partnership-AdvancedForcing,1,N,1H Pass 1S Pass 1NT Pass 2D Pass 2S Pass 4S Pass Pass Pass,S:A73 H:QJT82 D:K86 C:Q4,S:KQJ42 H:K5 D:A52 C:753,S:96 H:A973 D:Q7 C:KJ862,S:T85 H:64 D:JT943 C:AT9,1
Partnership-AdvancedForcing,10,S,1H Pass 1S Pass 2D Pass 3NT Pass Pass Pass,S:AJ75 H:K6 D:874 C:AJT3,S:KT H:A9754 D:KQ62 C:96,S:Q9863 H:QT D:JT93 C:KQ,S:42 H:J832 D:A5 C:87542,2
Partnership-AdvancedForcing,11,N,1H Pass 2H Pass Pass Pass,S:A7 H:QT976 D:Q7 C:AT96,S:J83 H:A832 D:K864 C:72,S:KT64 H:54 D:AT52 C:Q83,S:Q952 H:KJ D:J93 C:KJ54,1
Partnership-AdvancedForcing,12,S,1D Pass 1S Pass 1NT Pass 2C Pass 2NT Pass 3NT Pass Pass Pass,S:KQT63 H:KQJ8 D:95 C:Q8,S:84 H:AT7 D:QT643 C:AK2,S:J7 H:9642 D:A72 C:9763,S:A952 H:53 D:KJ8 C:JT54,5
Partnership-AdvancedForcing,13,N,1H Pass 2H Pass 3C Pass 4H Pass Pass Pass,S:AJ H:KQJ84 D:A5 C:J542,S:K53 H:T953 D:9864 C:KQ,S:98742 H:A62 D:QJ7 C:T9,S:QT6 H:7 D:KT32 C:A8763,4
Partnership-AdvancedForcing,14,S,1C Pass 1D Pass 1H Pass 2S Pass 3NT Pass Pass Pass,S:985 H:J74 D:KQT3 C:AK5,S:AJT H:AQT3 D:94 C:QJ64,S:K64 H:K965 D:J5 C:9732,S:Q732 H:82 D:A8762 C:T8,1
Partnership-AdvancedForcing,15,N,1C Pass 1S Pass 1NT Pass 2D Pass 2H Pass 4H Pass Pass Pass,S:Q75 H:JT76 D:A8 C:KQJ3,S:K8432 H:KQ83 D:73 C:A5,S:A96 H:A542 D:964 C:842,S:JT H:9 D:KQJT52 C:T976,6
Partnership-AdvancedForcing,16,S,1C Pass 1D Pass 1H Pass 1S Pass 2S Pass 4S Pass Pass Pass,S:KJ97 H:87 D:AKJ62 C:T2,S:QT83 H:AK65 D:T C:A984,S:652 H:QJT3 D:Q7 C:K763,S:A4 H:942 D:98543 C:QJ5,1
Partnership-AdvancedForcing,17,N,1H Pass 2H Pass 3C Pass 4H Pass Pass Pass,S:A64 H:AK972 D:7 C:K865,S:97 H:Q653 D:T83 C:AJ72,S:KQJT H:T4 D:QJ5 C:QT94,S:8532 H:J8 D:AK9642 C:3,1
Partnership-AdvancedForcing,18,S,1C Pass 1D Pass 1S Pass 3NT Pass Pass Pass,S:Q6 H:KJ85 D:A9854 C:K8,S:KJT5 H:T96 D:K7 C:AQJ3,S:A9872 H:Q73 D:2 C:9652,S:43 H:A42 D:QJT63 C:T74,3
Partnership-AdvancedForcing,19,N,1D Pass 1S Pass 2C Pass 3H Pass 4S Pass Pass Pass,S:Q54 H:76 D:AK98 C:A874,S:AKT63 H:KQ985 D:63 C:5,S:987 H:AT4 D:QT7 C:Q962,S:J2 H:J32 D:J542 C:KJT3,8
Partnership-AdvancedForcing,2,S,1H Pass 2H Pass 3C Pass 3H Pass Pass Pass,S:J84 H:KQ84 D:Q52 C:763,S:K5 H:AJ962 D:AK C:J852,S:QT732 H:T3 D:T73 C:AK9,S:A96 H:75 D:J9864 C:QT4,4
Partnership-AdvancedForcing,20,S,1D Pass 1H Pass 1NT Pass 2C Pass 2D Pass Pass Pass,S:K76 H:KJ873 D:A94 C:92,S:Q85 H:A5 D:KQJ62 C:643,S:JT2 H:QT62 D:T53 C:AT7,S:A943 H:94 D:87 C:KQJ85,17
Partnership-AdvancedForcing,21,N,1H Pass 1S Pass 2D Pass 4H Pass Pass Pass,S:84 H:AK943 D:AJ96 C:75,S:AQJ63 H:QJ5 D:K4 C:T92,S:2 H:T76 D:T8532 C:AK86,S:KT975 H:82 D:Q7 C:QJ43,1
Partnership-AdvancedForcing,22,S,1S Pass 2S Pass 3H Pass 3S Pass Pass Pass,S:Q93 H:7642 D:KT82 C:Q5,S:AKJ86 H:J53 D:3 C:AK63,S:T4 H:AQ8 D:Q975 C:T842,S:752 H:KT9 D:AJ64 C:J97,2
Partnership-AdvancedForcing,23,N,1D Pass 1S Pass 1NT Pass 2C Pass 2S Pass Pass Pass,S:K95 H:KJ2 D:A963 C:Q64,S:AJ862 H:Q93 D:K74 C:85,S:Q73 H:T8 D:Q85 C:KJT92,S:T4 H:A7654 D:JT2 C:A73,2
Partnership-AdvancedForcing,24,S,1D Pass 1H Pass 2C Pass 2S Pass 2NT Pass 3NT Pass Pass Pass,S:KT7 H:AK652 D:J98 C:Q5,S:A95 H:T4 D:KQ74 C:KJ63,S:J42 H:QJ3 D:5 C:AT9874,S:Q863 H:987 D:AT632 C:2,4
Partnership-AdvancedForcing,3,N,1S Pass 2C Pass 2H Pass 3D Pass 3NT Pass Pass Pass,S:AJ762 H:KT94 D:KQ6 C:4,S:K8 H:Q85 D:J84 C:AKJ73,S:QT53 H:A D:9732 C:T865,S:94 H:J7632 D:AT5 C:Q92,2
Partnership-AdvancedForcing,4,S,1D Pass 1S Pass 1NT Pass 2C Pass 2NT Pass Pass Pass,S:Q9652 H:763 D:AQ C:Q84,S:87 H:AQ5 D:KT943 C:KT7,S:AKJ H:92 D:J8652 C:A63,S:T43 H:KJT84 D:7 C:J952,14
Partnership-AdvancedForcing,5,N,1S Pass 2S Pass 3D Pass 4S Pass Pass Pass,S:AKT62 H:A43 D:K964 C:7,S:Q543 H:75 D:AJT3 C:652,S:97 H:JT92 D:85 C:AKQ94,S:J8 H:KQ86 D:Q72 C:JT83,5
Partnership-AdvancedForcing,6,S,1D Pass 1H Pass 1NT Pass 3NT Pass Pass Pass,S:QJ83 H:AQJ7 D:J9 C:KT2,S:AT5 H:T4 D:KQ74 C:A863,S:9762 H:982 D:AT53 C:J5,S:K4 H:K653 D:862 C:Q974,1
Partnership-AdvancedForcing,7,N,1H Pass 1S Pass 2C Pass 2D Pass 2S Pass 4S Pass Pass Pass,S:K64 H:KQ974 D:4 C:AJ65,S:AQ972 H:85 D:A96 C:QT4,S:JT5 H:JT D:KT8532 C:92,S:83 H:A632 D:QJ7 C:K873,3
Partnership-AdvancedForcing,8,S,1C Pass 1S Pass 1NT Pass 2D Pass 2H Pass 4H Pass Pass Pass,S:AK763 H:KT84 D:K4 C:52,S:85 H:QJ97 D:AQ9 C:A843,S:Q942 H:A5 D:J6532 C:Q9,S:JT H:632 D:T87 C:KJT76,1
Partnership-AdvancedForcing,9,N,Pass Pass 1S Pass 2S Pass 3H Pass 4S Pass Pass Pass,S:K942 H:8 D:87542 C:Q97,S:AQJT7 H:765 D:3 C:AK84,S:85 H:KQ942 D:AT9 C:J52,S:63 H:AJT3 D:KQJ6 C:T63,67
Partnership-BasicBidding,1,N,1H Pass 2H Pass 4H Pass Pass Pass,S:J6 H:KQT832 D:A7 C:AK3,S:KQ3 H:J964 D:862 C:965,S:T974 H:A5 D:KQT53 C:T2,S:A852 H:7 D:J94 C:QJ874,400
Partnership-BasicBidding,10,S,1S Pass 2S Pass Pass Pass,S:J962 H:KQ75 D:83 C:T74,S:KQT73 H:A42 D:975 C:A6,S:5 H:JT93 D:AT62 C:KJ83,S:A84 H:86 D:KQJ4 C:Q952,4
Partnership-BasicBidding,11,N,1NT Pass 6NT Pass Pass Pass,S:A83 H:A7 D:KJ964 C:QJ5,S:KJ4 H:KQ92 D:AQ5 C:KT8,S:QT9765 H:63 D:8 C:7632,S:2 H:JT854 D:T732 C:A94,3
Partnership-BasicBidding,12,S,1S Pass 1NT Pass 3NT Pass Pass Pass,S:K4 H:QT6 D:8532 C:Q985,S:QJT96 H:A7 D:AQ6 C:AK7,S:53 H:K8543 D:KJ4 C:T64,S:A872 H:J92 D:T97 C:J32,2
Partnership-BasicBidding,13,N,1S Pass 4NT Pass 5H Pass 6S Pass Pass Pass,S:QJT83 H:AJ4 D:AT C:962,S:AK964 H:KQ5 D:KQJ7 C:3,S:5 H:73 D:6542 C:KQT875,S:72 H:T9862 D:983 C:AJ4,400
Partnership-BasicBidding,14,S,1H Pass 1NT Pass 3H Pass 4H Pass Pass Pass,S:A74 H:Q5 D:K764 C:7653,S:62 H:AK8762 D:AT3 C:A9,S:QT95 H:T3 D:QJ9 C:KQJ8,S:KJ83 H:J94 D:852 C:T42,1
Partnership-BasicBidding,15,N,1C Pass 1H Pass 1S Pass 2S Pass Pass Pass,S:KQ74 H:83 D:762 C:AKQ2,S:JT83 H:AQ74 D:J53 C:76,S:92 H:KT2 D:AT9 C:J9854,S:A65 H:J965 D:KQ84 C:T3,5
Partnership-BasicBidding,16,S,1NT Pass 4NT Pass 6NT Pass Pass Pass,S:A94 H:A7 D:K83 C:KJ962,S:KQ7 H:KQJ3 D:AT6 C:QT8,S:JT82 H:98652 D:74 C:73,S:653 H:T4 D:QJ952 C:A54,2
Partnership-BasicBidding,17,N,Pass Pass 1S Pass 3S Pass Pass Pass,S:K973 H:842 D:AK5 C:J76,S:AQ862 H:J53 D:74 C:KQ2,S:JT4 H:Q76 D:QT96 C:A85,S:5 H:AKT9 D:J832 C:T943,1
Partnership-BasicBidding,18,S,1H Pass 4H Pass Pass Pass,S:73 H:Q8642 D:A86 C:K95,S:T82 H:AK753 D:KQ5 C:Q6,S:A965 H:J9 D:92 C:AJ732,S:KQJ4 H:T D:JT743 C:T84,400
Partnership-BasicBidding,19,N,1D Pass 1S Pass 4S Pass Pass Pass,S:QJ75 H:A D:AKQ3 C:KT62,S:KT83 H:J72 D:986 C:QJ3,S:A62 H:9854 D:J75 C:985,S:94 H:KQT63 D:T42 C:A74,14
Partnership-BasicBidding,2,S,1NT Pass 3NT Pass Pass Pass,S:T97 H:A96 D:KQ73 C:K84,S:AQ4 H:KT8 D:JT95 C:AJ6,S:J863 H:J754 D:A8 C:532,S:K52 H:Q32 D:642 C:QT97,3
Partnership-BasicBidding,20,S,1S Pass 2S Pass 3S Pass 4S Pass Pass Pass,S:T963 H:754 D:Q7 C:AK64,S:KQJ74 H:KQ2 D:AJ6 C:93,S:A5 H:AJ98 D:K85 C:Q875,S:82 H:T63 D:T9432 C:JT2,4
Partnership-BasicBidding,21,N,2NT Pass 4NT Pass Pass Pass,S:KJ3 H:KQ5 D:AQJ C:KJ42,S:QT8 H:AJ6 D:KT93 C:QT5,S:A964 H:98432 D:872 C:3,S:752 H:T7 D:654 C:A9876,1
Partnership-BasicBidding,22,S,1NT Pass 2NT Pass Pass Pass,S:JT4 H:AJ6 D:K53 C:T872,S:965 H:KQ2 D:A87 C:KQJ3,S:A82 H:9875 D:T964 C:96,S:KQ73 H:T43 D:QJ2 C:A54,3
Partnership-BasicBidding,23,N,1C Pass 1S Pass 3S Pass 4S Pass Pass Pass,S:QT82 H:AK D:764 C:AKQ5,S:J975 H:642 D:AKJ C:742,S:A643 H:JT753 D:2 C:J98,S:K H:Q98 D:QT9853 C:T63,10
Partnership-BasicBidding,24,S,2NT Pass 3NT Pass Pass Pass,S:543 H:A72 D:KT65 C:985,S:KQJ H:KQ8 D:QJ93 C:AK2,S:A9872 H:963 D:74 C:J73,S:T6 H:JT54 D:A82 C:QT64,4
Partnership-BasicBidding,3,N,1C Pass 1S Pass 2S Pass Pass Pass,S:QJ64 H:A95 D:82 C:AK63,S:KT73 H:K6 D:T754 C:852,S:85 H:J872 D:KQ96 C:QT7,S:A92 H:QT43 D:AJ3 C:J94,11
Partnership-BasicBidding,4,S,1H Pass 2H Pass 3H Pass Pass Pass,S:75 H:T984 D:K94 C:K852,S:QJ6 H:AKQ72 D:A53 C:64,S:K982 H:63 D:T862 C:AJ9,S:AT43 H:J5 D:QJ7 C:QT73,2
Partnership-BasicBidding,5,N,1NT Pass 2NT Pass 3NT Pass Pass Pass,S:A832 H:KT9 D:AJ7 C:KQ6,S:T94 H:QJ4 D:KQ52 C:J95,S:KJ76 H:A87 D:986 C:T82,S:Q5 H:6532 D:T43 C:A743,2
Partnership-BasicBidding,6,S,1D Pass 1H Pass 1S Pass 4S Pass Pass Pass,S:KJ84 H:AK72 D:65 C:K93,S:AQT6 H:54 D:A874 C:A82,S:9753 H:T98 D:KQ93 C:J5,S:2 H:QJ63 D:JT2 C:QT764,2
Partnership-BasicBidding,7,N,1S Pass 3S Pass 4S Pass Pass Pass,S:KQT84 H:A7 D:KQ5 C:QT6,S:A963 H:Q64 D:A962 C:J7,S:2 H:JT52 D:J873 C:9853,S:J75 H:K983 D:T4 C:AK42,1
Partnership-BasicBidding,8,S,2NT Pass 3NT Pass Pass Pass,S:87 H:T64 D:KQT96 C:T73,S:AK6 H:AJ9 D:AJ2 C:A852,S:QJ542 H:83 D:874 C:KJ9,S:T93 H:KQ752 D:53 C:Q64,4
Partnership-BasicBidding,9,N,1H Pass 1NT Pass Pass Pass,S:J63 H:AKQ82 D:K6 C:T95,S:T95 H:J4 D:QJ83 C:KJ72,S:A42 H:T7653 D:T72 C:A3,S:KQ87 H:9 D:A954 C:Q864,4
Partnership-BasicMajor,1,N,1H Pass Pass Pass,S:A5 H:KQT97 D:KQ6 C:QJ4,S:K763 H:J42 D:974 C:865,S:Q84 H:A6 D:853 C:AT732,S:JT92 H:853 D:AJT2 C:K9,19
Partnership-BasicMajor,10,S,1S Pass 2S Pass Pass Pass,S:J962 H:KQ75 D:83 C:T74,S:KQT73 H:A42 D:975 C:A6,S:A85 H:J98 D:AK62 C:J83,S:4 H:T63 D:QJT4 C:KQ952,14
Partnership-BasicMajor,11,N,1S Pass 3S Pass 4S Pass Pass Pass,S:AQ753 H:KQ D:A876 C:94,S:K642 H:J85 D:K32 C:A62,S:98 H:A732 D:QJ4 C:JT73,S:JT H:T964 D:T95 C:KQ85,14
Partnership-BasicMajor,12,S,1S Pass 3S Pass 4S Pass Pass Pass,S:AKQ7 H:743 D:852 C:Q95,S:JT864 H:A6 D:AK6 C:KJ3,S:53 H:KJT985 D:7 C:AT86,S:92 H:Q2 D:QJT943 C:742,1
Partnership-BasicMajor,13,N,1H Pass 4H Pass Pass Pass,S:K5 H:QJT83 D:KQJ C:962,S:A64 H:K952 D:7653 C:AK,S:T872 H:A6 D:AT8 C:Q754,S:QJ93 H:74 D:942 C:JT83,7
Partnership-BasicMajor,14,S,1S Pass 3S Pass 6S Pass Pass Pass,S:KQ92 H:QJ D:Q764 C:J84,S:AJT874 H:AK5 D:AK3 C:9,S:5 H:T84 D:JT95 C:T7653,S:63 H:97632 D:82 C:AKQ2,400
Partnership-BasicMajor,15,N,1S Pass 4S Pass Pass Pass,S:A7652 H:76 D:A83 C:AJ4,S:JT943 H:A53 D:9 C:K863,S:K8 H:QT92 D:K754 C:T95,S:Q H:KJ84 D:QJT62 C:Q72,400
Partnership-BasicMajor,16,S,1H Pass 4H Pass Pass Pass,S:94 H:AK52 D:KJ3 C:K962,S:A87 H:T9863 D:A62 C:A8,S:KJT63 H:QJ D:985 C:Q73,S:Q52 H:74 D:QT74 C:JT54,9
Partnership-BasicMajor,17,N,1H Pass 3H Pass 4H Pass Pass Pass,S:K9 H:AKJ65 D:AT5 C:A76,S:Q82 H:Q843 D:K74 C:KQ2,S:J654 H:97 D:QJ82 C:J84,S:AT73 H:T2 D:963 C:T953,1
Partnership-BasicMajor,18,S,Pass Pass 1S Pass 4S Pass Pass Pass,S:AJ653 H:JT9 D:AQ54 C:6,S:Q98742 H:KQ3 D:86 C:95,S:K H:752 D:T72 C:AKJ432,S:T H:A864 D:KJ93 C:QT87,400
Partnership-BasicMajor,19,N,1S Pass 2S Pass 4S Pass Pass Pass,S:AQ9753 H:Q7 D:AK3 C:K2,S:JT82 H:K52 D:86 C:Q763,S:K4 H:8643 D:J752 C:A84,S:6 H:AJT9 D:QT94 C:JT95,400
Partnership-BasicMajor,2,S,1S Pass 2S Pass 3S Pass Pass Pass,S:K82 H:K543 D:86 C:9832,S:QJ964 H:A9 D:K74 C:KQJ,S:A3 H:QT D:QJ32 C:T7654,S:T75 H:J8762 D:AT95 C:A,4
Partnership-BasicMajor,20,S,1H Pass 2H Pass 4H Pass Pass Pass,S:J8 H:KQ54 D:9753 C:T64,S:A74 H:AJ872 D:KQJ C:A3,S:KT932 H:T9 D:AT4 C:972,S:Q65 H:63 D:862 C:KQJ85,11
Partnership-BasicMajor,21,N,1H Pass Pass Pass,S:A H:KQ98742 D:KQ C:K42,S:J863 H:63 D:J843 C:875,S:KQ97 H:A5 D:72 C:QT963,S:T542 H:JT D:AT965 C:AJ,400
Partnership-BasicMajor,22,S,1S Pass 3S Pass 4S Pass Pass Pass,S:J842 H:976 D:QJ C:AK72,S:KQT65 H:KQ2 D:K87 C:83,S:93 H:843 D:A9654 C:JT6,S:A7 H:AJT5 D:T32 C:Q954,6
Partnership-BasicMajor,23,N,1S Pass 3S Pass 4S Pass Pass Pass,S:KJ872 H:A98 D:KQJ C:65,S:T953 H:KJ2 D:A5 C:K742,S:Q6 H:Q43 D:T976 C:AJ98,S:A4 H:T765 D:8432 C:QT3,6
Partnership-BasicMajor,24,S,Pass Pass 1H Pass 2H Pass 3H Pass Pass Pass,S:A6 H:AQ87642 D:A3 C:42,S:543 H:K53 D:T65 C:QJ85,S:J72 H:T9 D:KQJ84 C:AT3,S:KQT98 H:J D:972 C:K976,400
Partnership-BasicMajor,3,N,Pass Pass 1S Pass 2S Pass Pass Pass,S:Q75 H:KJ74 D:J942 C:J8,S:AJ9642 H:83 D:A6 C:Q54,S:T H:AQT52 D:853 C:K762,S:K83 H:96 D:KQT7 C:AT93,400
Partnership-BasicMajor,4,S,1H Pass 2H Pass 3H Pass 4H Pass Pass Pass,S:J65 H:KT75 D:A8 C:9862,S:AK H:QJ8642 D:KQ3 C:75,S:QT74 H:9 D:T97 C:KQJT3,S:9832 H:A3 D:J6542 C:A4,400
Partnership-BasicMajor,5,N,1H Pass 2H Pass 3H Pass Pass Pass,S:T92 H:AK542 D:85 C:AKQ,S:764 H:Q763 D:AJ4 C:985,S:K53 H:98 D:T9762 C:T64,S:AQJ8 H:JT D:KQ3 C:J732,9
Partnership-BasicMajor,6,S,Pass Pass 1S Pass Pass Pass,S:KJ874 H:K72 D:A95 C:AQ,S:A63 H:9853 D:8643 C:92,S:T5 H:AQJ4 D:JT7 C:J643,S:Q92 H:T6 D:KQ2 C:KT875,26
Partnership-BasicMajor,7,N,1S Pass 2S Pass 3S Pass 4S Pass Pass Pass,S:KQJ54 H:A7 D:KQ5 C:J86,S:T963 H:KQ4 D:9642 C:A7,S:72 H:86532 D:J87 C:KQ9,S:A8 H:JT9 D:AT3 C:T5432,1
Partnership-BasicMajor,8,S,1H Pass 3H Pass Pass Pass,S:872 H:Q964 D:K62 C:AQ3,S:KJ6 H:KJ852 D:A74 C:85,S:A543 H:A7 D:JT3 C:JT64,S:QT9 H:T3 D:Q985 C:K972,13
Partnership-BasicMajor,9,N,Pass Pass 1H Pass 3H Pass Pass Pass,S:QJ H:J854 D:A983 C:QJ7,S:863 H:AKQ72 D:K6 C:T95,S:KT975 H:96 D:T7 C:A843,S:A42 H:T3 D:QJ542 C:K62,21
Partnership-BasicNotrump,1,W,Pass 1NT Pass Pass Pass,S:AT6 H:A74 D:KQT2 C:K84,S:853 H:K96 D:A863 C:965,S:Q9 H:JT53 D:J95 C:AT72,S:KJ742 H:Q82 D:74 C:QJ3,2
Partnership-BasicNotrump,10,S,2NT Pass 3NT Pass Pass Pass,S:T962 H:K75 D:954 C:KQ6,S:KQJ H:A4 D:KQT8 C:AJ73,S:873 H:T9862 D:A7 C:542,S:A54 H:QJ3 D:J632 C:T98,3
Partnership-BasicNotrump,11,W,Pass 1NT Pass 4NT Pass Pass Pass,S:KQ4 H:Q95 D:KQ62 C:K83,S:AT8 H:KJ3 D:AJ5 C:QJ72,S:J32 H:A84 D:98743 C:94,S:9765 H:T762 D:T C:AT65,2
Partnership-BasicNotrump,12,S,1NT Pass 2NT Pass Pass Pass,S:T84 H:Q76 D:KJ3 C:KT52,S:AQ5 H:K85 D:QT76 C:A97,S:J976 H:A4 D:A9542 C:84,S:K32 H:JT932 D:8 C:QJ63,3
Partnership-BasicNotrump,13,W,Pass 1NT Pass 6NT Pass Pass Pass,S:QJ4 H:AK D:K76 C:QJT52,S:KT5 H:Q63 D:AQ54 C:AK3,S:A863 H:J842 D:82 C:976,S:972 H:T975 D:JT93 C:84,3
Partnership-BasicNotrump,14,S,2NT Pass 6NT Pass Pass Pass,S:K74 H:QJ5 D:KJT C:A743,S:QJ9 H:AK8 D:AQ53 C:KQ8,S:T82 H:9763 D:76 C:JT96,S:A653 H:T42 D:9842 C:52,1
Partnership-BasicNotrump,15,W,Pass 2NT Pass 3NT Pass Pass Pass,S:AT6 H:AQ4 D:KQJT C:KJ7,S:853 H:K96 D:A863 C:965,S:KQJ4 H:J53 D:9754 C:83,S:972 H:T872 D:2 C:AQT42,1
Partnership-BasicNotrump,16,S,1NT Pass 6NT Pass Pass Pass,S:764 H:AK8 D:KQ C:AJT74,S:AK5 H:T743 D:A982 C:KQ,S:T9832 H:95 D:J643 C:93,S:QJ H:QJ62 D:T75 C:8652,2
Partnership-BasicNotrump,17,W,Pass 2NT Pass 3NT Pass Pass Pass,S:KJ9 H:AQ D:KQJ95 C:KT4,S:T63 H:T85 D:A73 C:Q985,S:AQ72 H:J932 D:T4 C:732,S:854 H:K764 D:862 C:AJ6,3
Partnership-BasicNotrump,18,S,Pass Pass 1NT Pass 2NT Pass 3NT Pass Pass Pass,S:KJ92 H:A98 D:QT8 C:KQJ,S:QT3 H:KT6 D:A94 C:T752,S:A8754 H:53 D:KJ75 C:84,S:6 H:QJ742 D:632 C:A963,2
Partnership-BasicNotrump,19,W,Pass 1NT Pass 4NT Pass 6NT Pass Pass Pass,S:KQ93 H:KQT D:AJ7 C:QT8,S:A7 H:A84 D:KT6 C:KJ742,S:62 H:J965 D:Q854 C:965,S:JT854 H:732 D:932 C:A3,1
Partnership-BasicNotrump,2,S,1NT Pass 3NT Pass Pass Pass,S:T97 H:A96 D:KQ73 C:K84,S:AQ4 H:KT8 D:JT95 C:AQ6,S:KJ65 H:753 D:A6 C:T732,S:832 H:QJ42 D:842 C:J95,4
Partnership-BasicNotrump,20,S,1NT Pass 6NT Pass Pass Pass,S:K8 H:AK5 D:A8 C:QT9632,S:A74 H:Q96 D:KQ52 C:KJ8,S:QT93 H:J43 D:J643 C:75,S:J652 H:T872 D:T97 C:A4,5
Partnership-BasicNotrump,21,W,Pass 2NT Pass Pass Pass,S:QJT H:AJ7 D:AK62 C:KQJ,S:K83 H:9652 D:743 C:852,S:9742 H:T4 D:J9 C:A9763,S:A65 H:KQ83 D:QT85 C:T4,1
Partnership-BasicNotrump,22,S,1NT Pass 3NT Pass Pass Pass,S:K53 H:K53 D:K53 C:K753,S:A42 H:A42 D:A642 C:A42,S:J9876 H:QJT9 D:98 C:96,S:QT H:876 D:QJT7 C:QJT8,2
Partnership-BasicNotrump,23,W,Pass 2NT Pass 6NT Pass Pass Pass,S:AJ5 H:QT93 D:KQJ C:AK6,S:K72 H:KJ5 D:A742 C:QJ8,S:Q64 H:A876 D:9653 C:97,S:T983 H:42 D:T8 C:T5432,3
Partnership-BasicNotrump,24,S,Pass Pass 1NT Pass Pass Pass,S:AK6 H:K93 D:K743 C:A62,S:Q75 H:Q84 D:Q62 C:Q753,S:T93 H:JT65 D:AT C:KJT8,S:J842 H:A72 D:J985 C:94,7
Partnership-BasicNotrump,3,W,Pass 1NT Pass 3NT Pass Pass Pass,S:KQ82 H:K96 D:A94 C:A65,S:AJ3 H:A87 D:QJT5 C:QT7,S:75 H:QJT53 D:82 C:J843,S:T964 H:42 D:K763 C:K92,6
Partnership-BasicNotrump,4,S,1NT Pass Pass Pass,S:AK52 H:872 D:943 C:765,S:J96 H:AJ5 D:AQJ C:A932,S:Q87 H:Q4 D:87652 C:K84,S:T43 H:KT963 D:KT C:QJT,2
Partnership-BasicNotrump,5,W,Pass 1NT Pass 2NT Pass 3NT Pass Pass Pass,S:KQJ H:QJ95 D:AJ8 C:QJT,S:T863 H:K42 D:K43 C:K75,S:2 H:AT3 D:Q97652 C:963,S:A9754 H:876 D:T C:A842,2
Partnership-BasicNotrump,6,S,1NT Pass 2NT Pass 3NT Pass Pass Pass,S:T84 H:K72 D:Q65 C:KJ93,S:A976 H:AQ4 D:AJ4 C:QT8,S:Q3 H:JT95 D:8732 C:752,S:KJ52 H:863 D:KT9 C:A64,1
Partnership-BasicNotrump,7,W,Pass 1NT Pass 2NT Pass Pass Pass,S:AT6 H:K98 D:AJ2 C:KT95,S:KQ42 H:A73 D:T84 C:874,S:J97 H:Q6542 D:975 C:Q3,S:853 H:JT D:KQ63 C:AJ62,1
Partnership-BasicNotrump,8,S,2NT Pass Pass Pass,S:J742 H:85 D:J42 C:9873,S:KQ6 H:AJT3 D:AQ C:KJ52,S:T53 H:K97642 D:753 C:6,S:A98 H:Q D:KT986 C:AQT4,2
Partnership-BasicNotrump,9,W,Pass 1NT Pass 2NT Pass 3NT Pass Pass Pass,S:AT8 H:AT9 D:KQT8 C:K97,S:K73 H:Q72 D:J94 C:QJT8,S:654 H:K6543 D:A7 C:A53,S:QJ92 H:J8 D:6532 C:642,1
Partnership-Blackwood,1,N,2C Pass 2D Pass 2S Pass 3S Pass 4NT Pass 5C Pass 5S Pass Pass Pass,S:AKQ983 H:2 D:AK C:KQJ8,S:J742 H:KQ54 D:82 C:753,S:6 H:AJT97 D:QJ73 C:T42,S:T5 H:863 D:T9654 C:A96,1
Partnership-Blackwood,10,S,1H Pass 3H Pass 4NT Pass 6H Pass Pass Pass,S: H:A975 D:K9864 C:J932,S:K53 H:KQJT3 D:A C:KQT6,S:AJ9864 H:86 D:T7 C:A85,S:QT72 H:42 D:QJ532 C:74,400
Partnership-Blackwood,11,N,1S Pass 2S Pass 4S Pass Pass Pass,S:A9864 H:AKQ D:7 C:KJ63,S:K753 H:J87 D:A865 C:74,S:QJ H:T963 D:KT94 C:T98,S:T2 H:542 D:QJ32 C:AQ52,4
Partnership-Blackwood,12,S,1H Pass 3H Pass 4C Pass 4D Pass 6H Pass Pass Pass,S:Q753 H:T942 D:A8 C:KJ4,S: H:KQJ863 D:KJ2 C:AQ65,S:AT942 H:A7 D:T54 C:973,S:KJ86 H:5 D:Q9763 C:T82,400
Partnership-Blackwood,13,N,2NT Pass 4C Pass 4NT Pass 5C Pass 5NT Pass 7NT Pass Pass Pass,S:K62 H:AT9 D:AK3 C:AK84,S:A7 H:K3 D:QJ98742 C:76,S:T943 H:QJ4 D:T C:QJT93,S:QJ85 H:87652 D:65 C:52,400
Partnership-Blackwood,14,S,2NT Pass 4C Pass 4H Pass 4NT Pass Pass Pass,S:J8 H:J72 D:85 C:AKQT96,S:AKQ H:KQ6 D:KQ3 C:J875,S:9742 H:AT853 D:JT C:32,S:T653 H:94 D:A97642 C:4,400
Partnership-Blackwood,15,N,1NT Pass 4NT Pass Pass Pass,S:K75 H:Q96 D:A983 C:AQ7,S:AQ6 H:K73 D:K6 C:KT653,S:943 H:A854 D:J742 C:94,S:JT82 H:JT2 D:QT5 C:J82,1
Partnership-Blackwood,16,S,1NT Pass 4C Pass 4NT Pass 6NT Pass Pass Pass,S:KQJ4 H:K6 D:K4 C:KQJT5,S:A876 H:QJ7 D:AJ3 C:A82,S:92 H:T985 D:8765 C:764,S:T53 H:A432 D:QT92 C:93,7
Partnership-Blackwood,17,N,2C Pass 2D Pass 2H Pass 3H Pass 4NT Pass 5C Pass 5NT Pass 6H Pass 7NT,S:AK H:AQT96 D:AQJ3 C:AK,S:972 H:KJ53 D:K7 C:7642,S:QJT6 H:82 D:952 C:J985,S:8543 H:74 D:T864 C:QT3,1
Partnership-Blackwood,18,S,1D Pass 2NT Pass 4C Pass 4S Pass 5C Pass 5S Pass 7NT Pass Pass Pass,S:A62 H:AT4 D:K75 C:K862,S:K7 H:K9 D:AQJT4 C:AQJ7,S:QT95 H:Q853 D:982 C:54,S:J843 H:J762 D:63 C:T93,8
Partnership-Blackwood,19,N,1D Pass 3D Pass 4C Pass 4S Pass 4NT Pass 5D Pass Pass Pass,S:6 H:K4 D:KJ974 C:AQJ92,S:AK5 H:7 D:QT653 C:KT84,S:J843 H:T98532 D:2 C:75,S:QT972 H:AQJ6 D:A8 C:63,400
Partnership-Blackwood,2,S,2C Pass 2H Pass 4NT Pass 5D Pass 6H Pass Pass Pass,S:J3 H:AQT86 D:T3 C:JT74,S:A64 H:KJ9 D:AKQJ9 C:KQ,S:K9875 H:74 D:7654 C:A6,S:QT2 H:532 D:82 C:98532,1
Partnership-Blackwood,20,S,1S Pass 2H Pass 3H Pass 4NT Pass 5H Pass 6H Pass Pass Pass,S:K4 H:KQT95 D:A76 C:A54,S:AQJ73 H:AJ86 D:53 C:87,S:T96 H:72 D:Q984 C:KQT2,S:852 H:43 D:KJT2 C:J963,2
Partnership-Blackwood,21,N,1C Pass 1H Pass 3H Pass 4NT Pass 5D Pass 5NT Pass 7H Pass Pass Pass,S:A62 H:KQJ7 D:6 C:KQJT9,S:K53 H:AT952 D:A94 C:A4,S:874 H:83 D:KJT72 C:762,S:QJT9 H:64 D:Q853 C:853,14
Partnership-Blackwood,22,S,1H Pass 3H Pass 4NT Pass 5D Pass 5H Pass Pass Pass,S:87 H:Q974 D:KQ5 C:AT83,S:AKQ5 H:AJ652 D:6 C:KQJ,S:JT62 H:T8 D:A743 C:754,S:943 H:K3 D:JT982 C:962,1
Partnership-Blackwood,23,N,1D Pass 1H Pass 2NT Pass 4C Pass 4NT Pass 5C Pass 5H Pass 7NT Pass Pass Pass,S:AJ6 H:K5 D:AQ62 C:A974,S:K42 H:AQJ8742 D:K C:K3,S:QT98 H:T9 D:J874 C:J65,S:753 H:63 D:T953 C:QT82,13
Partnership-Blackwood,24,S,2C Pass 2NT Pass 4C Pass 4S Pass 6NT Pass Pass Pass,S:Q63 H:AT7 D:952 C:AT86,S:AK H:KQ4 D:KQJ3 C:KQJ5,S:J94 H:98532 D:A87 C:92,S:T8752 H:J6 D:T64 C:743,6
Partnership-Blackwood,3,N,1NT Pass 4C Pass 4S Pass 6NT Pass Pass Pass,S:A97 H:QJ42 D:KQ86 C:A5,S:KQ H:K6 D:A4 C:KQJ9732,S:J6542 H:987 D:T52 C:64,S:T83 H:AT53 D:J973 C:T8,6
Partnership-Blackwood,4,S,1H Pass 2S Pass 3S Pass 4NT Pass 5H Pass 7NT Pass Pass Pass,S:AKQ643 H:K5 D:K73 C:AK,S:J952 H:AJ743 D:AQ C:98,S:8 H:QT D:J96542 C:QJ32,S:T7 H:9862 D:T8 C:T7654,2
Partnership-Blackwood,5,N,2C Pass 2H Pass 4NT Pass 5D Pass 5H Pass Pass Pass,S:AK2 H:KQ65 D:KQJ C:KJ6,S:J73 H:AJT98 D:832 C:Q8,S:QT65 H:72 D:T95 C:A972,S:984 H:43 D:A764 C:T543,2
Partnership-Blackwood,6,S,1D Pass 2NT Pass 4C Pass 4S Pass 6NT Pass Pass Pass,S:A63 H:KT7 D:A94 C:Q987,S:KQ4 H:A8 D:KQJT73 C:K5,S:T92 H:95432 D:65 C:T32,S:J875 H:QJ6 D:82 C:AJ64,3
Partnership-Blackwood,7,N,1C Pass 2S Pass 3S Pass 4NT Pass 5S Pass 5NT Pass 6C Pass 6S Pass Pass Pass,S:KQ85 H:J63 D:87 C:AQJ4,S:AJ963 H:A4 D:AQJ6 C:K5,S:42 H:52 D:KT9432 C:972,S:T7 H:KQT987 D:5 C:T863,2
Partnership-Blackwood,8,S,2C Pass 2H Pass 3H Pass 3S Pass 4NT Pass 6C Pass 6H Pass Pass Pass,S:A64 H:QJ9874 D:J983 C:,S:KQJ H:AKT D:KQ2 C:KQ73,S:972 H:32 D:T64 C:AT942,S:T853 H:65 D:A75 C:J865,10
Partnership-Blackwood,9,N,1H Pass 4C Pass 4NT Pass 5NT Pass 7H Pass Pass Pass,S:K5 H:AKT753 D:K7 C:J96,S:A842 H:QJ86 D:A9863 C:,S:QJ6 H:92 D:J5 C:K87542,S:T973 H:4 D:QT42 C:AQT3,12
Partnership-Jacoby2NT,1,N,1H Pass 2NT Pass 4H Pass Pass Pass,S:A73 H:QJT82 D:K86 C:Q4,S:K42 H:AK75 D:A2 C:8753,S:T98 H:4 D:T9743 C:AKT9,S:QJ65 H:963 D:QJ5 C:J62,1
Partnership-Jacoby2NT,10,S,1S Pass 2NT Pass 3S Pass 4S Pass Pass Pass,S:KJ75 H:K6 D:KQ98 C:J83,S:AQ9864 H:QJ7 D:J2 C:KQ,S:T3 H:AT84 D:543 C:A975,S:2 H:9532 D:AT76 C:T642,400
Partnership-Jacoby2NT,11,N,1H Pass 2NT Pass 3H Pass 3S Pass 4C Pass 4D Pass 6H Pass Pass Pass,S:KQ H:AJT976 D:97 C:A96,S:A983 H:KQ83 D:AK4 C:72,S:T76 H:5 D:QJT653 C:KQ3,S:J542 H:42 D:82 C:JT854,400
Partnership-Jacoby2NT,12,S,1S Pass 2NT Pass 3NT Pass 4C Pass 4H Pass 4NT Pass 5H Pass 6S Pass Pass Pass,S:K763 H:J83 D:KQ C:AK83,S:AQ984 H:AK4 D:98 C:QJ2,S:J2 H:T962 D:7543 C:754,S:T5 H:Q75 D:AJT62 C:T96,8
Partnership-Jacoby2NT,13,N,1H Pass 3S Pass 4H Pass Pass Pass,S:KQJ H:KQJ84 D:94 C:J65,S:3 H:A953 D:AJT2 C:KQ94,S:AT65 H:76 D:K875 C:A32,S:98742 H:T2 D:Q63 C:T87,13
Partnership-Jacoby2NT,14,N,1H Pass 3S Pass 4C Pass 4D Pass 4NT Pass 5H Pass 6H Pass Pass Pass,S:764 H:KQJ84 D:K4 C:A65,S:3 H:A953 D:AJT2 C:KQ94,S:KT982 H:62 D:Q87 C:JT2,S:AQJ5 H:T7 D:9653 C:873,38
Partnership-Jacoby2NT,15,N,1H Pass 2C Pass 2NT Pass 4H Pass Pass Pass,S:A75 H:QJT76 D:J8 C:KQ3,S:KQ H:AK8 D:7543 C:JT65,S:T8643 H:532 D:92 C:A92,S:J92 H:94 D:AKQT6 C:874,3
Partnership-Jacoby2NT,16,S,1H Pass 2NT Pass 3S Pass 4C Pass 4NT Pass 5H Pass Pass Pass,S:KQJ H:A873 D:62 C:AJ92,S:3 H:KJ9652 D:KQJ C:KQ5,S:9852 H:T4 D:A985 C:864,S:AT764 H:Q D:T743 C:T73,400
Partnership-Jacoby2NT,17,N,1H Pass 2NT Pass 4C Pass 4H Pass Pass Pass,S:6 H:AK972 D:87 C:KQ865,S:AQ9 H:QJ83 D:QJ96 C:J2,S:J873 H:T4 D:K432 C:T43,S:KT542 H:65 D:AT5 C:A97,8
Partnership-Jacoby2NT,18,S,1S Pass 3S Pass 4S Pass Pass Pass,S:QJ84 H:K875 D:AJ4 C:64,S:AK9765 H:J9 D:K75 C:AQ,S:32 H:AQT6 D:9862 C:J75,S:T H:432 D:QT3 C:KT9832,400
Partnership-Jacoby2NT,19,N,1S Pass 2NT Pass 3NT Pass 4D Pass 4H Pass 4NT Pass 5D Pass 5S Pass Pass Pass,S:KQ954 H:AQ8 D:Q97 C:QJ,S:JT863 H:KJ7 D:AK3 C:K5,S:A2 H:T432 D:542 C:T932,S:7 H:965 D:JT86 C:A8764,400
Partnership-Jacoby2NT,2,S,1S Pass 2NT Pass 3NT Pass 4S Pass Pass Pass,S:K854 H:KQ84 D:T52 C:KQ,S:AJT96 H:A62 D:AQ C:T52,S:72 H:T75 D:KJ96 C:9743,S:Q3 H:J93 D:8743 C:AJ86,6
Partnership-Jacoby2NT,20,S,1S Pass 2NT Pass 3S Pass 4C Pass 4H Pass 4S Pass Pass Pass,S:KJ96 H:KQ98 D:Q94 C:A5,S:AQ8752 H:A3 D:J62 C:KQ,S:T4 H:J7 D:T853 C:J7642,S:3 H:T6542 D:AK7 C:T983,400
Partnership-Jacoby2NT,21,N,1H Pass 2S Pass 4NT Pass 5D Pass 6S Pass Pass Pass,S:KJ84 H:AK943 D:A96 C:7,S:AQ963 H:QJ75 D:KQ C:QJ,S:52 H:86 D:753 C:986532,S:T7 H:T2 D:JT842 C:AKT4,400
Partnership-Jacoby2NT,22,S,1S Pass 2NT Pass 4C Pass 4NT Pass 5H Pass 7S,S:K973 H:A42 D:AK82 C:K8,S:AQJ86 H:85 D:3 C:AQ963,S:42 H:JT763 D:T74 C:754,S:T5 H:KQ9 D:QJ965 C:JT2,9
Partnership-Jacoby2NT,23,N,1H Pass 4C Pass 4D Pass 4H Pass 4S Pass 6H Pass Pass Pass,S:A95 H:KQJ72 D:AQ C:964,S:KQJ H:AT93 D:K8754 C:8,S:T842 H:64 D:932 C:AJ52,S:763 H:85 D:JT6 C:KQT73,6
Partnership-Jacoby2NT,24,S,1S Pass 2NT Pass 3C Pass 3H Pass 4NT Pass 5H Pass 6S Pass Pass Pass,S:AJ53 H:A6 D:KJ72 C:874,S:KQ9762 H:KQJ2 D:A8 C:5,S:84 H:94 D:Q65 C:AKT962,S:T H:T8753 D:T943 C:QJ3,400
Partnership-Jacoby2NT,3,N,1S Pass 2NT Pass 3S Pass 4S Pass Pass Pass,S:AJT762 H:KT D:AJ6 C:J4,S:KQ53 H:QJ5 D:KQ C:9732,S:94 H:8742 D:9543 C:AK6,S:8 H:A963 D:T872 C:QT85,1
Partnership-Jacoby2NT,4,S,1S Pass 2NT Pass 3C Pass 3H Pass 4S Pass Pass Pass,S:K9652 H:A76 D:Q5 C:KQ8,S:AQJ743 H:KQJ5 D:J3 C:7,S:T H:942 D:KT9 C:JT9654,S:8 H:T83 D:A87642 C:A32,12
Partnership-Jacoby2NT,5,S,1S Pass 2NT Pass 3C Pass 3D Pass 4NT Pass 5H Pass 6S Pass Pass Pass,S:K9652 H:A76 D:A5 C:Q98,S:AQJ743 H:KQJ5 D:J3 C:7,S:T H:943 D:KT42 C:KJT64,S:8 H:T82 D:Q9876 C:A532,400
Partnership-Jacoby2NT,6,S,1H Pass 2NT Pass 3H Pass 4NT Pass 5H Pass 6H Pass Pass Pass,S:KQ H:K875 D:A9 C:KQT92,S:A5 H:AJT962 D:KQ7 C:63,S:T96432 H:4 D:JT43 C:74,S:J87 H:Q3 D:8652 C:AJ85,400
Partnership-Jacoby2NT,7,N,1S Pass 2NT Pass 3NT Pass 4H Pass 4S Pass Pass Pass,S:AQT64 H:KQJ7 D:KJ C:J5,S:KJ972 H:A95 D:Q5 C:KQT,S:53 H:643 D:AT8643 C:A2,S:8 H:T82 D:972 C:987643,400
Partnership-Jacoby2NT,8,S,1S Pass 2NT Pass 4S Pass Pass Pass,S:A763 H:AQ84 D:94 C:KQ2,S:KQJ85 H:KJ7 D:Q85 C:84,S:T4 H:T52 D:AJ6 C:AJ653,S:92 H:963 D:KT732 C:T97,31
Partnership-Jacoby2NT,9,N,1H Pass 4C Pass 4H Pass Pass Pass,S:Q84 H:AK842 D:4 C:KJ95,S:A765 H:QJT7 D:KQ75 C:4,S:KT9 H:96 D:J82 C:T8632,S:J32 H:53 D:AT963 C:AQ7,45
Partnership-RomanKeyCard,1,N,2C Pass 2NT Pass 3S Pass 4S Pass 4NT Pass 5H Pass 6S Pass Pass Pass,S:KQJ96 H:4 D:KQJ7 C:AKQ,S:A84 H:A873 D:T95 C:752,S:T73 H:QJT2 D:862 C:J43,S:52 H:K965 D:A43 C:T986,9
Partnership-RomanKeyCard,10,S,1NT Pass 3H Pass 4NT Pass 5S Pass 6H Pass Pass Pass,S:A6 H:AQ8752 D:KQ3 C:87,S:KQ3 H:KT93 D:A6 C:KQ96,S:T954 H:64 D:52 C:JT542,S:J872 H:J D:JT9874 C:A3,400
Partnership-RomanKeyCard,11,N,2C Pass 2S Pass 3S Pass 4NT Pass 5D Pass 5H Pass 6C Pass 7NT Pass Pass Pass,S:AQ64 H:AKQ D:A5 C:KJ63,S:KT7532 H:8 D:K86 C:AQ4,S:9 H:J974 D:J9732 C:952,S:J8 H:T6532 D:QT4 C:T87,400
Partnership-RomanKeyCard,12,S,1NT Pass 3S Pass 4S Pass 4NT Pass 5S Pass 6S Pass Pass Pass,S:AK753 H:8 D:KQ72 C:KQ4,S:Q86 H:QJ3 D:AJ5 C:AJ65,S:J2 H:AK754 D:T84 C:T87,S:T94 H:T962 D:963 C:932,3
Partnership-RomanKeyCard,13,N,1NT Pass 3S Pass 4S Pass 4NT Pass 5D Pass 6S Pass Pass Pass,S:K93 H:AT6 D:A9862 C:K9,S:AQJ652 H:K82 D:Q C:A85,S:T4 H:Q943 D:KJ5 C:T642,S:87 H:J75 D:T743 C:QJ73,4
Partnership-RomanKeyCard,14,S,3H Pass 4NT Pass 5H Pass 7NT Pass Pass Pass,S:AK H:QJ3 D:AKQ5 C:A962,S:95 H:AK98742 D:73 C:87,S:QJT73 H:5 D:T84 C:QT53,S:8642 H:T6 D:J962 C:KJ4,400
Partnership-RomanKeyCard,15,N,1S Pass 3S Pass 4NT Pass 5C Pass 5S Pass Pass Pass,S:QT875 H:K6 D:AK3 C:AKJ,S:J9643 H:AQ3 D:Q7 C:Q53,S:A2 H:T82 D:J942 C:T642,S:K H:J9754 D:T865 C:987,400
Partnership-RomanKeyCard,16,S,1D Pass 1H Pass 2NT Pass 4NT Pass Pass Pass,S:KQ5 H:AQ96 D:764 C:K96,S:AJ6 H:K75 D:KQ53 C:AJ5,S:T432 H:J43 D:AT9 C:842,S:987 H:T82 D:J82 C:QT73,1
Partnership-RomanKeyCard,17,N,1H Pass 4C Pass 4NT Pass 6C Pass 6H Pass Pass Pass,S:K5 H:AK9762 D:K8 C:764,S:A972 H:QJ53 D:QJ753 C:,S:Q86 H:8 D:T942 C:AKT82,S:JT43 H:T4 D:A6 C:QJ953,400
Partnership-RomanKeyCard,18,S,1NT Pass 2C Pass 2S Pass 4NT Pass 5S Pass 6S Pass Pass Pass,S:AK63 H:KQT4 D:KQ85 C:2,S:Q982 H:A95 D:A64 C:KQJ,S:JT5 H:763 D:32 C:T9863,S:74 H:J82 D:JT97 C:A754,2
Partnership-RomanKeyCard,19,S,1NT Pass 2C Pass 2S Pass 4NT Pass 5H Pass 5S Pass Pass Pass,S:AK63 H:KQT4 D:KQ85 C:2,S:J982 H:A95 D:AJ4 C:KQJ,S:Q4 H:8763 D:T73 C:8654,S:T75 H:J2 D:962 C:AT973,3
Partnership-RomanKeyCard,2,S,1H Pass 3H Pass 4NT Pass 5D Pass 5H Pass Pass Pass,S:KJ H:QJ85 D:QT97 C:Q42,S:AQ7 H:KT742 D:KJ3 C:AK,S:T982 H:96 D:864 C:J863,S:6543 H:A3 D:A52 C:T975,5
Partnership-RomanKeyCard,20,S,2H Pass 2NT Pass 3NT Pass Pass Pass,S:AK4 H:J95 D:AK76 C:A54,S:732 H:AKQ864 D:53 C:87,S:J965 H:T7 D:QJ98 C:KT3,S:QT8 H:32 D:T42 C:QJ962,7
Partnership-RomanKeyCard,21,N,2C Pass 2D Pass 2S Pass 3S Pass 4NT Pass 5H Pass 6S Pass Pass Pass,S:AQJ862 H:KQ7 D:KQJ C:A,S:K53 H:A952 D:854 C:654,S:94 H:J84 D:976 C:KQ982,S:T7 H:T63 D:AT32 C:JT73,12
Partnership-RomanKeyCard,22,S,2C Pass 2D Pass 2H Pass 3H Pass 4NT Pass 5C Pass 5D Pass 6H Pass Pass Pass,S:A72 H:Q74 D:985 C:9843,S:KQJ5 H:AK652 D:6 C:AKQ,S:984 H:J8 D:KQT74 C:765,S:T63 H:T93 D:AJ32 C:JT2,6
Partnership-RomanKeyCard,23,S,2C Pass 2D Pass 2H Pass 3H Pass 4NT Pass 5C Pass 5D Pass 6H Pass Pass Pass,S:A72 H:J9874 D:85 C:843,S:KQJ5 H:AK652 D:6 C:AKQ,S:T64 H:Q D:AKT932 C:952,S:983 H:T3 D:QJ74 C:JT76,400
Partnership-RomanKeyCard,24,S,1H Pass 2S Pass 3C Pass 3H Pass 4H Pass 4NT Pass 5S Pass 6H Pass Pass Pass,S:AK963 H:AJ75 D:KQ2 C:6,S:85 H:KQ964 D:73 C:AK85,S:QT4 H:32 D:AT5 C:QJ942,S:J72 H:T8 D:J9864 C:T73,9
Partnership-RomanKeyCard,3,N,1H Pass 1S Pass 4S Pass 4NT Pass 5D Pass 6S Pass Pass Pass,S:KT74 H:KQJ84 D:A6 C:A3,S:AQ8632 H:5 D:KQ7 C:KQ5,S:J H:A32 D:T85 C:JT9842,S:95 H:T976 D:J9432 C:76,400
Partnership-RomanKeyCard,4,S,1H Pass 3H Pass 4NT Pass 5S Pass 6H Pass Pass Pass,S:A75 H:QT83 D:A854 C:92,S:6 H:AK9754 D:6 C:KQJT3,S:KJ93 H:J6 D:KT92 C:A65,S:QT842 H:2 D:QJ73 C:874,400
Partnership-RomanKeyCard,5,N,1S Pass 3S Pass 4C Pass 4H Pass 4S Pass Pass Pass,S:AK9842 H:KQT6 D:84 C:A,S:QJ73 H:AJ5 D:T632 C:K4,S:T H:9742 D:AJ5 C:Q9876,S:65 H:83 D:KQ97 C:JT532,400
Partnership-RomanKeyCard,6,S,1H Pass 2D Pass 4NT Pass 5S Pass 6D Pass Pass Pass,S:AJ7 H:J6 D:QJT87 C:A64,S:6 H:KQ872 D:AK963 C:KQ,S:K9853 H:A95 D:42 C:J87,S:QT42 H:T43 D:5 C:T9532,400
Partnership-RomanKeyCard,7,S,1H Pass 2C Pass 4NT Pass 5C Pass Pass Pass,S:KQ7 H:J6 D:A64 C:QJT87,S:6 H:KQ872 D:KQ C:AK963,S:AJT4 H:A9 D:987532 C:2,S:98532 H:T543 D:JT C:54,400
Partnership-RomanKeyCard,8,S,1NT Pass 4C Pass 4S Pass 6S Pass Pass Pass,S:KQJ8752 H:4 D:K6 C:AK5,S:A96 H:QJT3 D:AQJ C:QJ9,S:T3 H:AK86 D:T872 C:T63,S:4 H:9752 D:9543 C:8742,400
Partnership-RomanKeyCard,9,N,2C Pass 2S Pass 4NT Pass 6D Pass 7S Pass Pass Pass,S:AJT5 H:AK D:K5 C:AKQJ4,S:KQ8743 H:Q75 D: C:9762,S:2 H:JT93 D:QJ9743 C:85,S:96 H:8642 D:AT862 C:T3,400
Partnership-StaymanTransfers,1,N,1NT Pass 2C Pass 2D Pass 3NT Pass Pass Pass,S:KQ7 H:AT4 D:K9 C:QJT85,S:AT92 H:Q973 D:AQ4 C:96,S:843 H:KJ6 D:T32 C:K742,S:J65 H:852 D:J8765 C:A3,1
Partnership-StaymanTransfers,10,S,1NT Pass 2H Pass 2S Pass 3NT Pass 4S Pass Pass Pass,S:KQ542 H:87 D:A8 C:Q764,S:A96 H:KQ62 D:K532 C:K8,S:3 H:JT53 D:T974 C:AJ93,S:JT87 H:A94 D:QJ6 C:T52,2
Partnership-StaymanTransfers,11,N,2NT Pass 3D Pass 3H Pass 4NT Pass 5H Pass 6H Pass Pass Pass,S:K86 H:A93 D:KQ8 C:AKJ2,S:74 H:KQJ7542 D:A92 C:9,S:AQ2 H:T6 D:654 C:T8654,S:JT953 H:8 D:JT73 C:Q73,400
Partnership-StaymanTransfers,12,S,1NT Pass 2C Pass 2H Pass 2NT Pass Pass Pass,S:K985 H:Q7 D:K87 C:J965,S:A6 H:KJ53 D:A654 C:KT7,S:Q743 H:A94 D:Q93 C:AQ3,S:JT2 H:T862 D:JT2 C:842,1
Partnership-StaymanTransfers,13,N,1NT Pass 2C Pass 2D Pass 3S Pass 4S Pass Pass Pass,S:A75 H:QJ6 D:AK52 C:QT9,S:K9864 H:AK53 D:J8 C:64,S:T2 H:74 D:QT74 C:AJ875,S:QJ3 H:T982 D:963 C:K32,3
Partnership-StaymanTransfers,14,S,1NT Pass 2C Pass 2S Pass 3S Pass 4S Pass Pass Pass,S:Q865 H:K764 D:A32 C:54,S:AK73 H:QJ2 D:J5 C:KQJ6,S:T42 H:93 D:Q964 C:9872,S:J9 H:AT85 D:KT87 C:AT3,2
Partnership-StaymanTransfers,15,N,1NT Pass 2H Pass 2S Pass 3S Pass 4S Pass Pass Pass,S:KQ H:AQ75 D:KT9 C:QJ84,S:JT8765 H:9 D:AQ5 C:T72,S:94 H:T86432 D:7632 C:5,S:A32 H:KJ D:J84 C:AK963,4
Partnership-StaymanTransfers,16,S,1NT Pass 2C Pass 2D Pass 2H Pass 4H Pass Pass Pass,S:Q742 H:QJT75 D:K6 C:83,S:KJ5 H:AK6 D:AQ2 C:T762,S:A63 H:8 D:T7543 C:KQJ5,S:T98 H:9432 D:J98 C:A94,5
Partnership-StaymanTransfers,17,S,1NT Pass 2C Pass 2S Pass 4S Pass Pass Pass,S:Q742 H:QJT75 D:K7 C:83,S:AKJ5 H:K6 D:AQ62 C:T72,S:3 H:A9843 D:JT83 C:QJ4,S:T986 H:2 D:954 C:AK965,1
Partnership-StaymanTransfers,18,S,1NT Pass 2C Pass 2D Pass 2H Pass 3NT Pass Pass Pass,S:Q742 H:QJT75 D:K7 C:83,S:AK5 H:K6 D:AQ62 C:JT72,S:T3 H:9832 D:9543 C:KQ5,S:J986 H:A4 D:JT8 C:A964,2
Partnership-StaymanTransfers,19,N,1NT Pass 2C Pass 2D Pass 4S Pass Pass Pass,S:KJ H:AK6 D:J953 C:KJ96,S:QT8654 H:Q753 D:7 C:AQ,S:92 H:942 D:KQ6 C:87432,S:A73 H:JT8 D:AT842 C:T5,9
Partnership-StaymanTransfers,2,S,1NT Pass 2H Pass 2S Pass 4S Pass Pass Pass,S:KJ8754 H:86 D:KQ3 C:72,S:QT H:KQ93 D:A52 C:AT86,S:92 H:JT54 D:874 C:K954,S:A63 H:A72 D:JT96 C:QJ3,4
Partnership-StaymanTransfers,20,S,1NT Pass 2D Pass 3H Pass 4C Pass 4D Pass 6H Pass Pass Pass,S:KQ3 H:QT9843 D:K5 C:A5,S:A7 H:KJ65 D:A84 C:KQT8,S:J52 H:A7 D:Q963 C:J942,S:T9864 H:2 D:JT72 C:763,2
Partnership-StaymanTransfers,21,N,1NT Pass 2C Pass 2H Pass 3NT Pass 4S Pass Pass Pass,S:Q965 H:AQ93 D:KQ8 C:A6,S:KJT3 H:K5 D:A93 C:8742,S:A42 H:JT87 D:T642 C:KT,S:87 H:642 D:J75 C:QJ953,4
Partnership-StaymanTransfers,22,S,1NT Pass 2C Pass 2H Pass Pass Pass,S:J974 H:Q862 D:T876 C:4,S:AT6 H:AK74 D:AQ53 C:T9,S:K32 H:J953 D:J C:AJ632,S:Q85 H:T D:K942 C:KQ875,2
Partnership-StaymanTransfers,23,N,1NT Pass 3NT Pass Pass Pass,S:AQ62 H:KJ8 D:A62 C:K87,S:KJ73 H:Q95 D:KT4 C:Q93,S:T95 H:A732 D:J875 C:JT,S:84 H:T64 D:Q93 C:A6542,2
Partnership-StaymanTransfers,24,S,1NT Pass 2H Pass 2S Pass 2NT Pass 4S Pass Pass Pass,S:QT864 H:Q73 D:A6 C:T84,S:KJ7 H:KJ54 D:KQ73 C:A5,S:A92 H:A96 D:JT84 C:Q63,S:53 H:T82 D:952 C:KJ972,11
Partnership-StaymanTransfers,3,N,1NT Pass 2D Pass 2H Pass 4H Pass Pass Pass,S:K75 H:Q93 D:K75 C:AKJ3,S:643 H:AKJ765 D:82 C:Q7,S:A82 H:82 D:QT94 C:9852,S:QJT9 H:T4 D:AJ63 C:T64,4
Partnership-StaymanTransfers,4,S,1NT Pass 2C Pass 2S Pass 2NT Pass 3NT Pass Pass Pass,S:73 H:KQ86 D:K42 C:JT95,S:AK65 H:AT4 D:QJ97 C:K8,S:QJ9 H:J75 D:T853 C:743,S:T842 H:932 D:A6 C:AQ62,8
Partnership-StaymanTransfers,5,N,1NT Pass 2D Pass 2H Pass 3NT Pass Pass Pass,S:KJ4 H:QT D:KQJ6 C:A973,S:A9 H:AJ983 D:752 C:J86,S:Q6532 H:762 D:93 C:Q42,S:T87 H:K54 D:AT84 C:KT5,4
Partnership-StaymanTransfers,6,S,1NT Pass 2H Pass 2S Pass Pass Pass,S:Q87632 H:85 D:954 C:53,S:KJ5 H:A76 D:A83 C:KQ94,S:AT H:KQT9 D:JT62 C:T62,S:94 H:J432 D:KQ7 C:AJ87,5
Partnership-StaymanTransfers,7,N,1NT Pass 2C Pass 2H Pass 4H Pass Pass Pass,S:Q63 H:QT92 D:A76 C:AK3,S:AK72 H:AJ86 D:53 C:T84,S:54 H:K74 D:JT98 C:QJ97,S:JT98 H:53 D:KQ42 C:652,1
Partnership-StaymanTransfers,8,S,2NT Pass 3C Pass 3S Pass 4S Pass Pass Pass,S:K974 H:K862 D:73 C:865,S:AQ82 H:AQ3 D:KT62 C:AQ,S:T53 H:J94 D:QJ94 C:J93,S:J6 H:T75 D:A85 C:KT742,1
Partnership-StaymanTransfers,9,N,1NT Pass 2H Pass 2S Pass 4H Pass 4S Pass Pass Pass,S:AJT H:K9 D:A872 C:AT96,S:Q9874 H:AJT83 D:Q6 C:5,S:K3 H:Q652 D:K943 C:KQ7,S:652 H:74 D:JT5 C:J8432,2
Partnership-TwoClub,1,N,2C Pass 2D Pass 2NT Pass Pass Pass,S:AK9 H:AK2 D:A83 C:AJ74,S:872 H:754 D:J642 C:953,S:Q4 H:QJ96 D:KQT97 C:K6,S:JT653 H:T83 D:5 C:QT82,12
Partnership-TwoClub,10,S,2C Pass 2NT Pass 3NT Pass Pass Pass,S:K63 H:Q85 D:K764 C:953,S:AQ9 H:AK2 D:A83 C:AJ74,S:JT875 H:J76 D:T95 C:86,S:42 H:T943 D:QJ2 C:KQT2,1
Partnership-TwoClub,11,N,2C Pass 2D Pass 2NT Pass 3C Pass 3H Pass 4H Pass Pass Pass,S:AK9 H:AJ82 D:A6 C:AK93,S:QJ72 H:QT75 D:72 C:854,S:654 H:9643 D:QJ9 C:J76,S:T83 H:K D:KT8543 C:QT2,1
Partnership-TwoClub,12,S,2C Pass 2NT Pass 3NT Pass 6NT Pass Pass Pass,S:Q63 H:Q85 D:K764 C:KJ3,S:AK9 H:AK2 D:A83 C:AQ74,S:JT87 H:43 D:QJT95 C:96,S:542 H:JT976 D:2 C:T852,1
Partnership-TwoClub,13,N,2C Pass 2D Pass 2S Pass 2NT Pass 3H Pass 4H Pass Pass Pass,S:AKQ86 H:AKT82 D:A C:86,S:72 H:9753 D:Q742 C:Q93,S:J95 H:J4 D:JT853 C:JT4,S:T43 H:Q6 D:K96 C:AK752,7
Partnership-TwoClub,14,S,2C Pass 3D Pass 3NT Pass 6NT Pass Pass Pass,S:K73 H:982 D:AQJ86 C:J2,S:AQ2 H:AKQ5 D:K75 C:KQT,S:J986 H:J764 D:43 C:643,S:T54 H:T3 D:T92 C:A9875,1
Partnership-TwoClub,15,N,2C Pass 2S Pass 3H Pass 4H Pass 4NT Pass 5H Pass 6H Pass Pass Pass,S:K6 H:AKQJ2 D:KQJ C:KQJ,S:AT972 H:975 D:852 C:A3,S:43 H:43 D:A9643 C:9762,S:QJ85 H:T86 D:T7 C:T854,1
Partnership-TwoClub,16,S,2C Pass 2D Pass 2S Pass 3S Pass 4S Pass Pass Pass,S:J42 H:8752 D:J72 C:K63,S:AKQT3 H:AK6 D:86 C:AQ4,S:96 H:93 D:AKT93 C:J972,S:875 H:QJT4 D:Q54 C:T85,1
Partnership-TwoClub,17,N,2C Pass 2NT Pass 6NT Pass Pass Pass,S:AQ H:KQJ2 D:AQ98 C:AK4,S:KJ72 H:A75 D:J42 C:653,S:T8543 H:T83 D:KT C:T92,S:96 H:964 D:7653 C:QJ87,1
Partnership-TwoClub,18,S,2C Pass 2H Pass 2S Pass 3H Pass 6H Pass Pass,S:7 H:KQJ832 D:986 C:874,S:KQJ82 H:A5 D:AK2 C:AK2,S:T43 H:6 D:JT74 C:JT965,S:A965 H:T974 D:Q53 C:Q3,1
Partnership-TwoClub,19,N,2C Pass 2NT Pass 3C Pass 3S Pass 4S Pass 6S Pass Pass Pass,S:KQ87 H:AKQ2 D:AKJ6 C:6,S:AJT5 H:85 D:Q72 C:KQ53,S:9642 H:974 D:T53 C:A97,S:3 H:JT63 D:984 C:JT842,1
Partnership-TwoClub,2,S,2C Pass 2D Pass 2NT Pass 3NT Pass Pass Pass,S:K73 H:Q82 D:T986 C:542,S:A82 H:AK75 D:KQJ C:KQT,S:QJ4 H:943 D:52 C:AJ863,S:T965 H:JT6 D:A743 C:97,2
Partnership-TwoClub,20,S,2C Pass 2D Pass 2S Pass 3C Pass 3H Pass 4H Pass Pass Pass,S:2 H:QJ52 D:9872 C:T763,S:AKQ63 H:AKT96 D:T6 C:A,S:J54 H:84 D:AKJ3 C:J852,S:T987 H:73 D:Q54 C:KQ94,5
Partnership-TwoClub,21,N,2C Pass 2NT Pass 3NT Pass Pass Pass,S:QT85 H:AK6 D:AK8 C:KQJ,S:KJ2 H:Q75 D:QT72 C:753,S:A96 H:JT94 D:9 C:T8642,S:743 H:832 D:J6543 C:A9,4
Partnership-TwoClub,22,S,2C Pass 2D Pass 2NT Pass 3C Pass 3S Pass 4S,S:K987 H:QJ82 D:986 C:74,S:AQJ2 H:AK5 D:KQ73 C:A6,S:T3 H:T763 D:54 C:JT983,S:654 H:94 D:AJT2 C:KQ52,7
Partnership-TwoClub,23,N,2C Pass 2NT Pass 4C Pass 4S Pass 5C Pass 5H Pass 7NT,S:A8 H:KQ4 D:AKQJ86 C:K4,S:K72 H:A975 D:T72 C:A53,S:QJT H:J82 D:954 C:JT97,S:96543 H:T63 D:3 C:Q862,1
Partnership-TwoClub,24,S,2C Pass 3D Pass 4NT Pass 5D Pass 6D Pass Pass Pass,S:973 H:62 D:QJ9863 C:A4,S:8 H:AKQ5 D:AK72 C:KQJ3,S:AKQT2 H:74 D:T4 C:T876,S:J654 H:JT983 D:5 C:952,400
Partnership-TwoClub,3,N,2C Pass 2S Pass 2NT Pass 3NT Pass Pass Pass,S:K3 H:KQJ2 D:AQ98 C:AK4,S:QJT72 H:A5 D:742 C:653,S:94 H:93 D:653 C:QJ9872,S:A865 H:T8764 D:KJT C:T,1
Partnership-TwoClub,4,S,2C Pass 2D Pass 2H Pass 4H Pass Pass Pass,S:A3 H:T982 D:986 C:8764,S:KQ2 H:AKQ75 D:A72 C:AT,S:JT65 H:63 D:KJ43 C:Q92,S:9874 H:J4 D:QT5 C:KJ53,4
Partnership-TwoClub,5,N,2C Pass 2D Pass 3NT Pass Pass Pass,S:AJ87 H:AK D:A86 C:AKQJ,S:Q62 H:9753 D:Q52 C:953,S:K54 H:JT6 D:743 C:T764,S:T93 H:Q842 D:KJT9 C:82,3
Partnership-TwoClub,6,S,2C Pass 2D Pass 2H Pass 3C Pass 3H Pass Pass Pass,S:642 H:754 D:J72 C:8653,S:A73 H:AKQ862 D:86 C:AK,S:KJ H:JT D:AQ94 C:JT972,S:QT985 H:93 D:KT53 C:Q4,1
Partnership-TwoClub,7,N,2C Pass 2H Pass 4NT Pass 5D Pass 6H Pass Pass Pass,S:AK63 H:AK82 D:KQJ C:KQ,S:42 H:QJ975 D:A52 C:753,S:Q95 H:63 D:T87 C:AJT92,S:JT87 H:T4 D:9643 C:864,1
Partnership-TwoClub,8,S,2C Pass 2S Pass 3S Pass 4C Pass 4D Pass 4NT Pass 5S Pass 7S,S:AJ983 H:K72 D:6 C:A874,S:KQT2 H:AQJT5 D:AK2 C:K,S:65 H:963 D:QJT75 C:J32,S:74 H:84 D:9843 C:QT965,400
Partnership-TwoClub,9,N,2C Pass 2S Pass 3S Pass 4S Pass Pass Pass,S:KQ86 H:AKJ2 D:AKQ C:86,S:AJT72 H:987 D:82 C:Q53,S:95 H:T53 D:T7653 C:KT2,S:43 H:Q64 D:J94 C:AJ974,1
Partnership-WeakTwos,1,N,2S Pass Pass Pass,S:AK9873 H:82 D:986 C:J4,S:QJ2 H:K975 D:KQ2 C:Q53,S:T4 H:AQJ3 D:JT54 C:K76,S:65 H:T64 D:A73 C:AT982,30
Partnership-WeakTwos,10,S,3H Pass 4NT Pass 5D Pass 6H Pass Pass Pass,S:AK75 H:K63 D:KQJ54 C:A,S:6 H:AQJ8754 D:632 C:84,S:942 H:2 D:T97 C:Q96532,S:QJT83 H:T9 D:A8 C:KJT7,400
Partnership-WeakTwos,11,N,3C Pass 3NT Pass Pass Pass,S:J3 H:76 D:97 C:KQ98752,S:AQT H:KQJ D:QJT3 C:AJT,S:9842 H:AT854 D:842 C:4,S:K765 H:932 D:AK65 C:63,400
Partnership-WeakTwos,12,S,2H Pass 2NT Pass 3H Pass 4H Pass Pass Pass,S:AQ63 H:Q82 D:AKQ C:KQJ,S:J4 H:KJT963 D:875 C:42,S:K982 H:A4 D:T92 C:T975,S:T75 H:75 D:J643 C:A863,7
Partnership-WeakTwos,13,N,2S Pass 2NT Pass 3C Pass 3S Pass Pass Pass,S:KQ9862 H:864 D:94 C:K6,S:JT3 H:AK53 D:AQ732 C:4,S:A5 H:972 D:JT8 C:Q9752,S:74 H:QJT D:K65 C:AJT83,120
Partnership-WeakTwos,14,S,2D Pass 2NT Pass 3H Pass 3NT Pass Pass Pass,S:A64 H:Q42 D:AJ4 C:AK65,S:73 H:K53 D:KQT872 C:94,S:KQT5 H:AJ6 D:93 C:J732,S:J982 H:T987 D:65 C:QT8,2
Partnership-WeakTwos,15,N,2D Pass 2NT Pass 3NT Pass Pass Pass,S:975 H:76 D:AKQ962 C:83,S:KQ8 H:AK8 D:J43 C:AT65,S:J6432 H:QT95 D:5 C:942,S:AT H:J432 D:T87 C:KQJ7,4
Partnership-WeakTwos,16,S,3S Pass 4S Pass Pass Pass,S:T92 H:A8743 D:3 C:AK92,S:KQJ8753 H:2 D:754 C:J5,S:64 H:JT95 D:AKJT8 C:Q6,S:A H:KQ6 D:Q962 C:T8743,400
Partnership-WeakTwos,17,N,1S Pass 2C Pass 2S Pass 4S Pass Pass Pass,S:AK8762 H:83 D:83 C:K65,S:Q9 H:J75 D:A96 C:AQJ42,S:J54 H:K942 D:Q542 C:87,S:T3 H:AQT6 D:KJT7 C:T93,3
Partnership-WeakTwos,18,S,3H Pass Pass Pass,S:QJ83 H:T6 D:KJ4 C:KQJ4,S:65 H:AQJ8753 D:975 C:5,S:T742 H:K2 D:Q32 C:AT87,S:AK9 H:94 D:AT86 C:9632,49
Partnership-WeakTwos,19,N,2D Pass 2NT Pass 3NT Pass 6NT Pass Pass Pass,S:54 H:863 D:AKQ974 C:85,S:KQJ H:AK7 D:J63 C:AK42,S:T98732 H:J54 D:82 C:J9,S:A6 H:QT92 D:T5 C:QT763,2
Partnership-WeakTwos,2,N,2S Pass 4S Pass Pass Pass,S:AK9873 H:82 D:986 C:J4,S:QJ2 H:AK75 D:A72 C:A53,S:T4 H:JT63 D:QJT3 C:Q72,S:65 H:Q94 D:K54 C:KT986,1
Partnership-WeakTwos,20,S,2S Pass 2NT Pass 3H Pass 4S Pass Pass Pass,S:KJ6 H:AQJ42 D:964 C:A5,S:AQ9752 H:K3 D:852 C:73,S:83 H:976 D:AKT7 C:KQT2,S:T4 H:T85 D:QJ3 C:J9864,10
Partnership-WeakTwos,21,N,2S Pass 2NT Pass 3S Pass Pass Pass,S:AQ9864 H:53 D:873 C:72,S:KJ3 H:AQJ42 D:964 C:A5,S:T7 H:KT9 D:AKT5 C:J843,S:52 H:876 D:QJ2 C:KQT96,9
Partnership-WeakTwos,22,S,3C Pass 4H Pass Pass Pass,S:A63 H:AKQJ742 D:A8 C:4,S:5 H:8 D:9753 C:KQJ9863,S:KJT872 H:T9 D:KT4 C:A7,S:Q94 H:653 D:QJ62 C:T52,1
Partnership-WeakTwos,23,N,Pass Pass 1H Pass 3H Pass 4H Pass Pass Pass,S:QJT742 H:KQ72 D:52 C:9,S:K3 H:AJ963 D:AQ7 C:864,S:A65 H:T8 D:J984 C:KJT3,S:98 H:54 D:KT63 C:AQ752,400
Partnership-WeakTwos,24,S,2D Pass 2NT Pass 3C Pass 3NT Pass Pass Pass,S:AQ3 H:AJT D:K754 C:QT4,S:62 H:742 D:AJT832 C:K7,S:KJ9 H:KQ65 D:96 C:AJ62,S:T8754 H:983 D:Q C:9853,400
Partnership-WeakTwos,3,N,2S Pass 4S Pass Pass Pass,S:AK9873 H:82 D:986 C:J4,S:QJ62 H:75 D:A72 C:Q753,S:T4 H:AT94 D:QJ43 C:KT8,S:5 H:KQJ63 D:KT5 C:A962,400
Partnership-WeakTwos,4,S,3D Pass Pass Pass,S:KQ76 H:A62 D:53 C:AQ83,S:43 H:85 D:KQJ9862 C:97,S:AJ5 H:KQ97 D:74 C:T654,S:T982 H:JT43 D:AT C:KJ2,3
Partnership-WeakTwos,5,N,3H Pass 4H Pass Pass Pass,S:87 H:KQJ9732 D:5 C:864,S:AJT643 H:A D:AK64 C:97,S:K2 H:T4 D:T32 C:AQT532,S:Q95 H:865 D:QJ987 C:KJ,3
Partnership-WeakTwos,6,S,1S Pass 2C Pass 2S Pass 4S Pass Pass Pass,S:K4 H:KJ5 D:942 C:KQJ72,S:AQJ9765 H:QT2 D:7 C:63,S:T3 H:874 D:QJT86 C:AT4,S:82 H:A963 D:AK53 C:985,8
Partnership-WeakTwos,7,N,2H Pass 4H Pass Pass Pass,S:764 H:AK9743 D:72 C:Q5,S:KQ H:QJ D:AKQ65 C:KJ42,S:JT9532 H:82 D:943 C:A6,S:A8 H:T65 D:JT8 C:T9873,1
Partnership-WeakTwos,8,S,2H Pass Pass Pass,S:AQ5 H:4 D:KQ94 C:KJ742,S:J83 H:KQJ762 D:85 C:85,S:K642 H:5 D:J762 C:AQ96,S:T97 H:AT983 D:AT3 C:T3,4
Partnership-WeakTwos,9,N,2H Pass 2S Pass 3S Pass 4S Pass Pass Pass,S:K84 H:AQT642 D:4 C:965,S:AQJT65 H:7 D:A95 C:KJ3,S:732 H:K85 D:KT862 C:72,S:9 H:J93 D:QJ73 C:AQT84,2
Preempt,1,S,3D Pass Pass Pass,S:A87 H:KQ873 D:J C:A954,S:952 H:2 D:AQT9875 C:87,S:KQJT H:J964 D:632 C:K3,S:643 H:AT5 D:K4 C:QJT62,7
Preempt,10,N,3H Pass Pass Pass,S:853 H:AQJ9843 D:T76 C:,S:964 H: D:8542 C:AKQJ83,S:JT2 H:KT6 D:AK C:T9542,S:AKQ7 H:752 D:QJ93 C:76,5
Preempt,2,N,3S Pass Pass Pass,S:KQJT864 H:97 D:65 C:T4,S:92 H:KJ85 D:KJ9 C:KQ83,S:75 H:A63 D:AQT73 C:975,S:A3 H:QT42 D:842 C:AJ62,20
Preempt,3,S,3H Pass 4H Pass Pass Pass,S:J9873 H:A42 D:82 C:AK7,S:A H:QJT8763 D:975 C:62,S:KQ64 H:K5 D:J4 C:QT984,S:T52 H:9 D:AKQT63 C:J53,2
Preempt,4,N,3H Pass 4H Pass Pass Pass,S:83 H:KQT8742 D:862 C:5,S:AK76 H:J53 D:94 C:A874,S:QJ42 H:6 D:KQJ5 C:JT62,S:T95 H:A9 D:AT73 C:KQ93,400
Preempt,5,S,4S Pass Pass Pass,S:T4 H:Q86 D:A963 C:J642,S:KQJ98752 H:9 D:52 C:87,S:6 H:AKJT54 D:K7 C:AKQ5,S:A3 H:732 D:QJT84 C:T93,400
Preempt,6,N,3S Pass 6S Pass Pass Pass,S:KQJ9873 H:6 D:9842 C:7,S:T6 H:AKQ85 D:AK C:A864,S:A2 H:J942 D:J75 C:JT52,S:54 H:T73 D:QT63 C:KQ93,1
Reverse,1,S,1C Pass 1H Pass 1S Pass 4S Pass Pass Pass,S:AKT3 H:AQ75 D:T95 C:72,S:QJ85 H:K9 D:K62 C:A863,S:4 H:JT6432 D:Q43 C:QJ9,S:9762 H:8 D:AJ87 C:KT54,1
Reverse,10,N,1C Pass 1H Pass 2D Pass 2H Pass Pass Pass,S:J73 H:J D:AK64 C:AK983,S:T85 H:KQ9874 D:83 C:76,S:AK9 H:T6532 D:T75 C:54,S:Q642 H:A D:QJ92 C:QJT2,8
Reverse,11,S,1D Pass 1S Pass 2H Pass 3D Pass 5D Pass Pass Pass,S:AK86 H:72 D:T98 C:7654,S:7 H:AQJ9 D:KQJ764 C:A3,S:QJT3 H:KT853 D:3 C:T82,S:9542 H:64 D:A52 C:KQJ9,1
Reverse,12,S,1C Pass 1S Pass 2D Pass 3S Pass 4S Pass Pass Pass,S:KQ9743 H:872 D:K5 C:T3,S:J5 H:AT D:AQJ3 C:KQ986,S:A6 H:K643 D:972 C:J742,S:T82 H:QJ95 D:T864 C:A5,4
Reverse,13,N,1C Pass 1S Pass 2D Pass 4D Pass 5D Pass Pass Pass,S:J H:K84 D:AQT9 C:KQJT7,S:A8643 H:76 D:KJ64 C:A5,S:Q H:AJT3 D:8732 C:9832,S:KT9752 H:Q952 D:5 C:64,3
Reverse,14,S,1D Pass 1S Pass 1NT Pass Pass Pass,S:AT83 H:852 D:T95 C:QJ3,S:9 H:KQ76 D:KQ842 C:AT8,S:QJ764 H:JT D:J76 C:K65,S:K52 H:A943 D:A3 C:9742,1
Reverse,2,S,1C Pass 1S Pass 1NT Pass 3NT,S:KQ83 H:QJ D:KJ6 C:JT97,S:T72 H:AK94 D:Q54 C:KQ5,S:A54 H:T653 D:AT3 C:843,S:J96 H:872 D:9872 C:A62,1
Reverse,3,N,1C Pass 1H Pass 2D Pass 2NT Pass Pass Pass,S:J3 H:Q8 D:KQJ5 C:AK762,S:KT94 H:KT96 D:T82 C:95,S:A65 H:542 D:A964 C:Q83,S:Q872 H:AJ73 D:73 C:JT4,3
Reverse,4,S,1C Pass 1S Pass 2D Pass 3S Pass 3NT Pass Pass Pass,S:KQ9865 H:K82 D:T5 C:KT,S:J H:AQT D:AQJ3 C:QJ986,S:4 H:J94 D:K98642 C:A72,S:AT732 H:7653 D:7 C:543,4
Reverse,5,N,1C Pass 1S Pass 2H Pass 4H Pass Pass Pass,S:6 H:AKQ4 D:963 C:AQJT3,S:AQ985 H:T865 D:84 C:K7,S:K742 H:973 D:AK52 C:96,S:JT3 H:J2 D:QJT7 C:8542,5
Reverse,6,S,1S Pass 2S Pass 4S Pass Pass Pass,S:T75 H:82 D:AQ53 C:JT84,S:KQJ64 H:AKJ76 D:K6 C:5,S:A32 H:T94 D:9842 C:AQ9,S:98 H:Q53 D:JT7 C:K7632,1
Reverse,7,N,1C Pass 1H Pass 2D Pass 3C Pass Pass Pass,S:AK H:52 D:A642 C:AKT74,S:T74 H:KJ98 D:K73 C:985,S:J9852 H:QT43 D:JT C:63,S:Q63 H:A76 D:Q985 C:QJ2,3
Reverse,8,N,1D Pass 1S Pass 2H Pass 3NT Pass Pass Pass,S:J7 H:AK63 D:KQT85 C:KT,S:KQT5 H:Q8 D:J94 C:QJ97,S:A62 H:J942 D:A762 C:52,S:9843 H:T75 D:3 C:A8643,3
Reverse,9,S,1C Pass 1H Pass 2D Pass 3C Pass Pass Pass,S:Q52 H:A863 D:753 C:843,S:63 H:K5 D:KQJ6 C:AKT72,S:AK9 H:9742 D:A82 C:J95,S:JT874 H:QJT D:T94 C:Q6,3
Roman,1,N,1S Pass 2H Pass 4NT Pass 5S Pass 6H Pass Pass Pass,S:KQJT75 H:AJ863 D:A C:5,S:A8 H:KQ972 D:874 C:QJ3,S:3 H:T4 D:KQT962 C:T862,S:9642 H:5 D:J53 C:AK974,400
Roman,10,N,1S Pass 3H Pass 3S Pass 4NT Pass 5S Pass 6S Pass Pass Pass,S:AQJ753 H:65 D:A43 C:82,S:KT H:AK984 D:KQ8 C:KQ6,S:64 H:J72 D:JT52 C:AT93,S:982 H:QT3 D:976 C:J754,1
Roman,11,N,2C Pass 2H Pass 4NT Pass 6C Pass 7H Pass Pass Pass,S:AKQJ H:AQT43 D:AJ8 C:7,S:7642 H:KJ985 D:KQ74 C:,S:T98 H:72 D:32 C:KQJT54,S:53 H:6 D:T965 C:A98632,400
Roman,12,N,1NT Pass 2C Pass 2S Pass 4NT Pass 5C Pass 5D Pass 5S Pass Pass Pass,S:AT97 H:KJT D:QJT3 C:KJ,S:K652 H:AQ74 D:K86 C:AQ,S:QJ8 H:532 D:A97 C:8652,S:43 H:986 D:542 C:T9743,17
Roman,13,E,Pass 1D Pass 1S Pass 2H Pass 4NT Pass 5C Pass 5D Pass 5H Pass 6H Pass Pass Pass,S:AKQJ3 H:T875 D:K C:KQJ,S:97 H:AK96 D:AQ974 C:A5,S:T62 H:Q2 D:T532 C:7643,S:854 H:J43 D:J86 C:T982,2
Roman,14,N,1H Pass 2D Pass 3H Pass 4NT Pass 5C Pass 5NT Pass 6D Pass 7NT Pass Pass Pass,S:A63 H:AK9865 D:K C:A32,S:K7 H:QJ3 D:AQJT875 C:K,S:QJ52 H:7 D:9643 C:Q864,S:T984 H:T42 D:2 C:JT975,2
Roman,15,N,1H Pass 3S Pass 4NT Pass 6H Pass Pass Pass,S:T86 H:KQJ83 D:T C:AKQ6,S: H:AT96 D:KQJ74 C:JT83,S:KQ73 H:74 D:A6532 C:94,S:AJ9542 H:52 D:98 C:752,400
Roman,16,E,Pass 1S Pass 4D Pass 4NT Pass 6D Pass 7S Pass Pass Pass,S:AT843 H:QT84 D: C:KJT2,S:KQJ965 H:AK D:875 C:A5,S:7 H:J76 D:K9632 C:7643,S:2 H:9532 D:AQJT4 C:Q98,400
Roman,17,N,2C Pass 2NT Pass 3D Pass 4D Pass 4NT Pass 5C Pass 5H Pass 5S Pass 7NT,S:AQ5 H:4 D:AKT863 C:AKQ,S:K87 H:AT6 D:Q974 C:JT8,S:J962 H:J953 D:52 C:432,S:T43 H:KQ872 D:J C:9765,400
Roman,18,E,Pass 2C Pass 2H Pass 3H Pass 3S Pass 4NT Pass 6H,S: H:KQT8632 D:53 C:JT82,S:Q8 H:AJ97 D:KQJ C:AKQ6,S:T9743 H:4 D:T962 C:943,S:AKJ652 H:5 D:A874 C:75,400
Roman,19,N,2C Pass 2H Pass 2S Pass 3S Pass 4NT Pass 5H Pass 5NT Pass 6D Pass 7NT,S:AQJ8543 H:7 D:AK4 C:AK,S:KT72 H:AK865 D:83 C:64,S:6 H:Q43 D:QJ752 C:QJ83,S:9 H:JT92 D:T96 C:T9752,400
Roman,2,N,1C Pass 1S Pass 4S Pass 5C Pass 5H Pass 5S Pass Pass Pass,S:KQJ5 H:AQJ3 D:Q6 C:KQJ,S:AT9732 H:K95 D:85 C:A7,S:64 H:862 D:T7432 C:T43,S:8 H:T74 D:AKJ9 C:98652,400
Roman,20,E,Pass 1S Pass 3S Pass 4C Pass 4H Pass 6S Pass Pass Pass,S:QJ73 H:A8 D:T864 C:KJ5,S:AK9654 H:KQ6 D:KQJ2 C:,S:82 H:J942 D:A7 C:98432,S:T H:T753 D:953 C:AQT76,400
Roman,3,S,1D Pass 1S Pass 3S Pass 4NT Pass 5D Pass 6S Pass Pass Pass,S:KQ962 H:K865 D:5 C:KQ3,S:JT87 H:A7 D:AK63 C:A82,S:53 H:T32 D:Q974 C:J965,S:A4 H:QJ94 D:JT82 C:T74,9
Roman,4,S,1S Pass 2NT Pass 3NT Pass 4H Pass 4NT Pass 5S Pass 6S Pass Pass Pass,S:KQ84 H:AJ6 D:J3 C:QJ83,S:AJ972 H:KQ5 D:K5 C:AK6,S:53 H:T982 D:AQ62 C:T92,S:T6 H:743 D:T9874 C:754,2
Roman,5,S,1NT Pass 3D Pass 4D Pass 4NT Pass 5H Pass 6D,S:KJ7 H:6 D:AQT875 C:AT6,S:AQ H:T74 D:KJ63 C:KQJ7,S:862 H:KJ8532 D:94 C:82,S:T9543 H:AQ9 D:2 C:9543,400
Roman,6,S,1H Pass 3H Pass 4C Pass 4H Pass 4NT Pass 5C Pass 6H Pass Pass Pass,S:A652 H:QJ52 D:KJ3 C:82,S:KT8 H:AK9864 D: C:AKQ7,S:J3 H:7 D:986542 C:J943,S:Q974 H:T3 D:AQT7 C:T65,400
Roman,7,N,1S Pass 4D Pass 4NT Pass 5NT Pass 6S Pass Pass Pass,S:AQ974 H:8 D:A632 C:KQJ,S:K8652 H:KJT7 D: C:A983,S:T3 H:Q92 D:KQ875 C:T72,S:J H:A6543 D:JT94 C:654,400
Roman,8,N,2NT Pass 3C Pass 3H Pass 4NT Pass 5H Pass Pass Pass,S:KQJ H:AT76 D:AQJ C:QJ9,S:AT8 H:K984 D:K9 C:KT65,S:32 H:J32 D:87643 C:843,S:97654 H:Q5 D:T52 C:A72,1
Roman,9,N,2C Pass 2H Pass 4NT Pass 5C Pass 6H Pass Pass Pass,S:AKQJ H:AJT7 D:A5 C:KQT,S:7 H:KQ985 D:KQ74 C:983,S:T9864 H:62 D:T83 C:J52,S:532 H:43 D:J962 C:A764,2
Stayman,1,N,1NT Pass Pass Pass,S:KT82 H:74 D:AK63 C:AJ7,S:A4 H:KJ98 D:T872 C:865,S:963 H:AT532 D:95 C:KQ9,S:QJ75 H:Q6 D:QJ4 C:T432,1
Stayman,10,N,1NT Pass 2C Pass 2S Pass 4S Pass Pass Pass,S:AQJ9 H:KJ D:Q764 C:Q53,S:KT42 H:AQT963 D: C:874,S:87 H:874 D:KJ92 C:K962,S:653 H:52 D:AT853 C:AJT,9
Stayman,11,N,1NT Pass 2C Pass 2D Pass 4H Pass Pass Pass,S:AQJ H:KJ D:Q764 C:Q653,S:KT42 H:AQT963 D: C:874,S:985 H:74 D:AK82 C:AKT9,S:763 H:852 D:JT953 C:J2,2
Stayman,12,S,1NT Pass 2C Pass 2S Pass 2NT Pass Pass Pass,S:83 H:KQ74 D:7643 C:A82,S:KT42 H:A3 D:QJ95 C:KQ7,S:AJ9 H:J985 D:KT2 C:963,S:Q765 H:T62 D:A8 C:JT54,1
Stayman,13,S,1NT Pass 2C Pass 2D Pass 2NT Pass 3NT Pass Pass Pass,S:JT83 H:JT86 D:KT C:A84,S:KQ2 H:A93 D:QJ95 C:KQ7,S:54 H:Q742 D:87642 C:T5,S:A976 H:K5 D:A3 C:J9632,4
Stayman,14,S,1NT Pass 2C Pass 2S Pass 3S Pass Pass Pass,S:KT85 H:9852 D:A93 C:Q5,S:Q762 H:Q63 D:KQJ C:AJ7,S:AJ4 H:KT7 D:T864 C:T93,S:93 H:AJ4 D:752 C:K8642,2
Stayman,15,S,1NT Pass 2C Pass 2H Pass 3H Pass 4H Pass Pass Pass,S:QT93 H:K873 D:A5 C:764,S:J62 H:AT95 D:KQJ4 C:AQ,S:AK H:J62 D:7632 C:K532,S:8754 H:Q4 D:T98 C:JT98,5
Stayman,16,S,1NT Pass 2C Pass 2H Pass 2NT Pass 4S Pass Pass Pass,S:AT96 H:63 D:QT84 C:K83,S:KQJ4 H:AT95 D:J73 C:AQ,S:8 H:KQJ7 D:A652 C:JT92,S:7532 H:842 D:K9 C:7654,4
Stayman,17,S,1NT Pass 2C Pass 2D Pass 2H Pass 3NT Pass Pass Pass,S:AQ52 H:KQT96 D:T9 C:97,S:KJ4 H:A8 D:QJ73 C:AQT8,S:83 H:753 D:AK8652 C:J5,S:T976 H:J42 D:4 C:K6432,8
Stayman,18,S,1NT Pass 2C Pass 2D Pass 2H Pass 4H Pass Pass Pass,S:Q2 H:K9753 D:Q73 C:QT6,S:K7 H:QJT D:AK95 C:KJ94,S:J986 H:A8 D:JT6 C:8532,S:AT543 H:642 D:842 C:A7,5
Stayman,19,S,2NT Pass 3C Pass 3D Pass 3S Pass 3NT Pass Pass Pass,S:QJ763 H:KT73 D:42 C:Q5,S:AK H:QJ9 D:KQ83 C:AJT7,S:T842 H:A52 D:J65 C:864,S:95 H:864 D:AT97 C:K932,1
Stayman,2,N,1NT Pass 2C Pass 2S Pass 2NT Pass 3NT Pass Pass Pass,S:KQJ5 H:T63 D:AQ9 C:KQT,S:A4 H:AJ98 D:T872 C:865,S:98763 H:K72 D:KJ4 C:J2,S:T2 H:Q54 D:653 C:A9743,2
Stayman,20,S,2NT Pass 3C Pass 3H Pass 3NT Pass 4S Pass Pass Pass,S:Q963 H:K5 D:Q875 C:742,S:KJT5 H:AQJ9 D:AJ9 C:KQ,S:8 H:T743 D:T6432 C:865,S:A742 H:862 D:K C:AJT93,1
Stayman,21,N,2NT Pass 3C Pass 3S Pass 6S Pass Pass Pass,S:AJ85 H:KJ D:AK8 C:KJ96,S:KQ42 H:AQT943 D: C:874,S:T96 H:72 D:65432 C:T52,S:73 H:865 D:QJT97 C:AQ3,9
Stayman,22,N,1NT Pass 2C Pass 2H Pass Pass Pass,S:A83 H:AK64 D:Q52 C:Q87,S:Q742 H:T983 D:J8763 C:,S:K96 H:752 D:T4 C:AKT53,S:JT5 H:QJ D:AK9 C:J9642,46
Stayman,23,N,1NT Pass 3NT Pass Pass Pass,S:AK73 H:A95 D:982 C:AQ2,S:QJ85 H:K64 D:QJ7 C:KT8,S:42 H:QT873 D:AT63 C:63,S:T96 H:J2 D:K54 C:J9754,2
Stayman,3,N,1NT Pass 2C Pass 2S Pass 4S Pass Pass Pass,S:A983 H:AK5 D:A95 C:J94,S:KQT6 H:964 D:KJT8 C:73,S:75 H:J832 D:742 C:AT65,S:J42 H:QT7 D:Q63 C:KQ82,6
Stayman,4,N,1NT Pass 2C Pass 2D Pass 3NT Pass Pass Pass,S:965 H:A9 D:AQT5 C:KQ86,S:AJT4 H:KQJ5 D:863 C:J7,S:Q8 H:876 D:J94 C:A9543,S:K732 H:T432 D:K72 C:T2,2
Stayman,5,N,1NT Pass 2C Pass 2S Pass 4S Pass Pass Pass,S:T982 H:KQ6 D:A94 C:AK5,S:KQJ3 H:AJ5 D:72 C:9843,S:A74 H:972 D:JT65 C:QJ7,S:65 H:T843 D:KQ83 C:T62,2
Stayman,6,N,1NT Pass 2C Pass 2D Pass 6NT Pass Pass Pass,S:KQ5 H:Q95 D:KQ94 C:A62,S:AT94 H:KJT7 D:AJ C:KQ3,S:72 H:A86 D:T752 C:T754,S:J863 H:432 D:863 C:J98,1
Stayman,7,N,1NT Pass 2C Pass 2H Pass 4NT Pass 5H Pass 6H Pass Pass Pass,S:QT9 H:AQJ3 D:AT8 C:QJ6,S:4 H:KT97 D:KQJ3 C:AK85,S:K8652 H:842 D:542 C:74,S:AJ73 H:65 D:976 C:T932,2
Stayman,8,N,1NT Pass 2C Pass 2H Pass 4H Pass Pass Pass,S:95 H:KQ95 D:AK63 C:KQ8,S:AKQ42 H:JT76 D:75 C:93,S:T86 H:43 D:JT2 C:AJT76,S:J73 H:A82 D:Q984 C:542,4
Stayman,9,N,1NT Pass 2C Pass 2D Pass 3S Pass 4S Pass Pass Pass,S:T86 H:KQ5 D:A864 C:AKT,S:AKQ42 H:JT76 D:75 C:93,S:953 H:92 D:T93 C:Q8765,S:J7 H:A843 D:KQJ2 C:J42,1
Transfers,1,N,1NT Pass 2D Pass 2H Pass Pass Pass,S:AK53 H:QT D:Q65 C:A742,S:94 H:KJ9863 D:T8 C:865,S:8762 H:A75 D:A9 C:KQJT,S:QJT H:42 D:KJ7432 C:93,13
Transfers,10,N,2NT Pass 3D Pass 3H Pass 3NT Pass 4H Pass Pass Pass,S:Q2 H:AJ3 D:AK64 C:KQJT,S:75 H:KQ874 D:T93 C:874,S:KJ9 H:T965 D:Q52 C:A63,S:AT8643 H:2 D:J87 C:952,2
Transfers,11,S,1NT Pass 2D Pass 2H Pass 2NT Pass Pass Pass,S:92 H:QT962 D:K54 C:K83,S:KQ75 H:J8 D:AQ6 C:QJ74,S:T8643 H:AK43 D:J8 C:AT,S:AJ H:75 D:T9732 C:9652,1
Transfers,12,S,1NT Pass 2H Pass 2S Pass 2NT Pass 3NT Pass Pass Pass,S:KJT63 H:96 D:982 C:KJ4,S:Q4 H:AQ8 D:KQT5 C:AT93,S:A875 H:JT72 D:A76 C:86,S:92 H:K543 D:J43 C:Q752,3
Transfers,13,S,1NT Pass 2D Pass 2H Pass 2NT Pass 4H Pass Pass Pass,S:93 H:QJT62 D:753 C:KQ4,S:A62 H:875 D:AKQ C:AT98,S:Q84 H:A3 D:JT96 C:6532,S:KJT75 H:K94 D:842 C:J7,3
Transfers,14,S,1NT Pass 2H Pass 2S Pass 3S Pass Pass Pass,S:AK9753 H:842 D:53 C:76,S:J6 H:A75 D:AQ72 C:KJ83,S:T H:QJT D:JT986 C:AQ52,S:Q842 H:K963 D:K4 C:T94,1
Transfers,15,S,1NT Pass 2D Pass 2H Pass 3H Pass 4H Pass Pass Pass,S:873 H:AKT872 D:93 C:65,S:A6 H:965 D:KQJ2 C:AK98,S:JT542 H:Q3 D:874 C:QJ4,S:KQ9 H:J4 D:AT65 C:T732,8
Transfers,16,S,1NT Pass 2H Pass 2S Pass 2NT Pass 3NT Pass Pass Pass,S:T9873 H:KQT D:A4 C:T73,S:A6 H:965 D:KQJ2 C:AK98,S:KJ52 H:A742 D:T976 C:J,S:Q4 H:J83 D:853 C:Q6542,4
Transfers,17,S,1NT Pass 2D Pass 2H Pass 2S Pass 4H Pass Pass Pass,S:Q9854 H:KQT83 D:75 C:3,S:AK H:J65 D:AKJ4 C:J865,S:JT76 H:A42 D:63 C:KQT9,S:32 H:97 D:QT982 C:A742,2
Transfers,18,S,1NT Pass 2H Pass 2S Pass 3H Pass 4S Pass Pass Pass,S:AK873 H:KT965 D:75 C:9,S:QT5 H:AQ4 D:KJ4 C:KJ65,S:92 H:J83 D:AT6 C:T8432,S:J64 H:72 D:Q9832 C:AQ7,3
Transfers,19,S,1NT Pass 2D Pass 3H Pass 4C Pass 4D Pass 6H,S:KQ94 H:AJ973 D:83 C:A6,S:T5 H:KQT4 D:AK7 C:KQ98,S:A83 H:652 D:QJT94 C:JT,S:J762 H:8 D:652 C:75432,1
Transfers,2,N,1NT Pass 2H Pass 2S Pass 2NT Pass 3S Pass Pass Pass,S:KT5 H:A5 D:QJ84 C:KQ73,S:Q8764 H:Q4 D:K63 C:J92,S:AJ3 H:JT932 D:A72 C:86,S:92 H:K876 D:T95 C:AT54,5
Transfers,20,S,2NT Pass 3H Pass 3S Pass 3NT Pass 4S Pass Pass Pass,S:Q9853 H:72 D:8642 C:A3,S:JT4 H:AK D:AK97 C:KQ98,S:AK7 H:J9864 D:T C:J752,S:62 H:QT53 D:QJ53 C:T64,1
Transfers,21,S,1NT Pass 2D Pass 2H Pass 4NT Pass 6H Pass Pass Pass,S:K6 H:AQJT7 D:T95 C:KQ3,S:AJT H:K853 D:AK C:J864,S:Q873 H:2 D:J7642 C:T72,S:9542 H:964 D:Q83 C:A95,1
Transfers,22,S,1NT Pass 2D Pass 2H Pass 3C Pass 3NT Pass Pass Pass,S:J3 H:AK953 D:42 C:AK72,S:AQ64 H:J6 D:AK75 C:J83,S:K92 H:T8 D:QJ96 C:Q954,S:T875 H:Q742 D:T83 C:T6,1
Transfers,3,N,1NT Pass 2H Pass 2S Pass 3NT Pass 4S Pass Pass Pass,S:KT5 H:A5 D:QJ84 C:KQ73,S:QJ764 H:74 D:K63 C:A92,S:2 H:JT9862 D:T97 C:T86,S:A983 H:KQ3 D:A52 C:J54,6
Transfers,4,N,1NT Pass 2D Pass 2H Pass 3H Pass Pass Pass,S:AJ76 H:Q6 D:K753 C:KQ4,S:53 H:K98742 D:AT6 C:65,S:KT84 H:AJT5 D:42 C:JT8,S:Q92 H:3 D:QJ98 C:A9732,2
Transfers,5,N,1NT Pass 2D Pass 2H Pass 4H Pass Pass Pass,S:QT9 H:K53 D:K62 C:AK84,S:53 H:AQT742 D:QJT C:65,S:AJ64 H:98 D:975 C:JT32,S:K872 H:J6 D:A843 C:Q97,5
Transfers,6,N,1NT Pass 2D Pass 2H Pass 2S Pass 4S Pass Pass Pass,S:QJ5 H:K8 D:AT62 C:AK98,S:KT987 H:A9764 D:83 C:5,S:43 H:QJT5 D:KQ754 C:JT,S:A62 H:32 D:J9 C:Q76432,1
Transfers,7,N,1NT Pass 2H Pass 2S Pass 3H Pass 4H Pass Pass Pass,S:Q6 H:A74 D:KJ92 C:KQ83,S:AJ854 H:KQT83 D:6 C:75,S:K732 H:96 D:QT4 C:AJ42,S:T9 H:J52 D:A8753 C:T96,2
Transfers,8,N,1NT Pass 2H Pass 2S Pass 3C Pass 3NT Pass Pass Pass,S:J4 H:AQJ5 D:AQJ3 C:T96,S:AQT75 H:4 D:986 C:AKQ5,S:K63 H:983 D:K74 C:J872,S:982 H:KT762 D:T52 C:43,7
Transfers,9,N,1NT Pass 2H Pass 2S Pass 4NT Pass 6NT Pass Pass Pass,S:KJ H:KQ9 D:KT73 C:AJ74,S:AQT75 H:A4 D:986 C:KQ5,S:63 H:876532 D:AJ5 C:83,S:9842 H:JT D:Q42 C:T962,6
Weak2,1,S,2D Pass 4D Pass Pass Pass,S:QT2 H:K5 D:9742 C:QJ64,S:95 H:642 D:AKJT85 C:87,S:KJ63 H:JT873 D:6 C:AK5,S:A874 H:AQ9 D:Q3 C:T932,9
Weak2,10,N,2S Pass 4S Pass Pass Pass,S:KQ9763 H:J2 D:J6 C:754,S:A854 H:3 D:AK52 C:KQ83,S:J H:Q9854 D:874 C:AT62,S:T2 H:AKT76 D:QT93 C:J9,1
Weak2,11,S,2H Pass 2NT Pass 3C Pass 4H Pass Pass Pass,S:KQJ2 H:Q752 D:A5 C:K83,S:75 H:KJT864 D:84 C:A97,S:9864 H:A3 D:KT97 C:642,S:AT3 H:9 D:QJ632 C:QJT5,400
Weak2,12,N,2H Pass 2NT Pass 3H Pass Pass Pass,S:96 H:KQT763 D:754 C:J7,S:KJ54 H:J52 D:AQT3 C:A8,S:T73 H:A8 D:J92 C:KT952,S:AQ82 H:94 D:K86 C:Q643,2
Weak2,13,S,2D Pass 2NT Pass 3H Pass 3NT Pass Pass Pass,S:AJT H:Q75 D:KQ4 C:AJT4,S:943 H:K8 D:AJT965 C:65,S:862 H:AJT64 D:83 C:732,S:KQ75 H:932 D:72 C:KQ98,8
Weak2,14,N,2S Pass 2NT Pass 3D Pass 4S Pass Pass Pass,S:KQT763 H:94 D:KJ7 C:95,S:J54 H:KJ52 D:AQT3 C:A8,S:82 H:AQT D:942 C:JT762,S:A9 H:8763 D:865 C:KQ43,3
Weak2,16,N,2D Pass 2NT Pass 3NT Pass Pass Pass,S:96 H:984 D:AKQ874 C:72,S:A542 H:A52 D:J3 C:A865,S:T3 H:JT6 D:T96 C:KQJT9,S:KQJ87 H:KQ73 D:52 C:43,1
Weak2,17,E,Pass Pass Pass 1S Pass 3S Pass 4S Pass Pass Pass,S:AK653 H:AQ32 D:J C:765,S:J974 H:8 D:AQT986 C:T4,S:T2 H:J765 D:K732 C:KQ9,S:Q8 H:KT94 D:54 C:AJ832,1
Weak2,18,N,2S Pass 4NT Pass 5D Pass 6S Pass Pass Pass,S:KJ9862 H:T5 D:A74 C:72,S:AQ754 H:AK2 D:3 C:KQJT,S:T H:QJ9743 D:T52 C:964,S:3 H:86 D:KQJ986 C:A853,400
Weak2,19,S,2H Pass 2S Pass 3S Pass 4S Pass Pass Pass,S:KQJ864 H: D:A852 C:KQ3,S:AT7 H:AJT965 D:97 C:52,S:53 H:8742 D:QJ4 C:J974,S:92 H:KQ3 D:KT63 C:AT86,11
Weak2,2,N,2H Pass Pass Pass,S:Q H:KJT973 D:762 C:642,S:AK84 H:Q4 D:QJ5 C:QJ83,S:JT9763 H:A8 D:KT3 C:T9,S:52 H:652 D:A984 C:AK75,16
Weak2,20,N,2H Pass 2S Pass 3S Pass 4S Pass Pass Pass,S:A93 H:QJT754 D:74 C:J2,S:KQJT84 H: D:Q86 C:AQ93,S:72 H:K632 D:J532 C:T75,S:65 H:A98 D:AKT9 C:K864,1
Weak2,3,S,2S Pass 3S Pass Pass Pass,S:J642 H:K7 D:A843 C:T64,S:KQT875 H:A84 D:76 C:92,S:A3 H:J952 D:JT C:AQJ53,S:9 H:QT63 D:KQ952 C:K87,400
Weak2,4,N,2D Pass 2H Pass 3H Pass Pass Pass,S:J6 H:Q73 D:QJT973 C:94,S:A83 H:AKJ854 D:5 C:875,S:K95 H:T6 D:K82 C:KQT62,S:QT742 H:92 D:A64 C:AJ3,36
Weak2,5,S,2H Pass 2NT Pass 3H Pass Pass Pass,S:A853 H:K74 D:A64 C:KQ7,S:96 H:QJT852 D:K53 C:65,S:KJ4 H:63 D:QT9 C:AJT42,S:QT72 H:A9 D:J872 C:983,3
Weak2,6,N,2S Pass 4S Pass Pass Pass,S:KQ9763 H:T2 D:K62 C:74,S:A854 H:73 D:J85 C:QT83,S:T2 H:KQ965 D:T97 C:KJ6,S:J H:AJ84 D:AQ43 C:A952,400
Weak2,7,S,2S Pass 2NT Pass 3H Pass 3S Pass Pass Pass,S:QJ42 H:A74 D:KJ74 C:KJ,S:AK9763 H:Q92 D:62 C:T7,S:T8 H:KT85 D:Q53 C:A653,S:5 H:J63 D:AT98 C:Q9842,400
Weak2,9,S,2D Pass 2NT Pass 3NT Pass Pass Pass,S:AQ742 H:A63 D:J5 C:AT9,S:96 H:875 D:AKQ762 C:54,S:KT5 H:JT42 D:984 C:QJ2,S:J83 H:KQ9 D:T3 C:K8763,2
